create table tblcountry (
	pkid bigserial not null,
	txtname varchar(150) null,
	txtsortname varchar(3) null,
	txtphonecode int null,
	primary key(pkid),
	constraint positive_pkid check(pkid >= 0)
);

create table tblstate (
  pkid bigserial not null,
  txtname varchar(30) not null,
  fkcountryid bigint not null,
  primary key(pkid),
  constraint positive_pkid check(pkid >= 0),
  constraint positive_fkcountryid check(fkcountryid >= 0),
  constraint fk_fkcountryid foreign key(fkcountryid) references tblcountry(pkid)
);

create index index_tblstate_fkcountryid on tblstate(fkcountryid);

create table tblcity (
  pkid bigserial not null,
  fkstateid bigint not null,
  txtname varchar(260) not null,
  primary key(pkid),
  constraint positive_pkid check(pkid >= 0),
  constraint positive_fkstateid check(fkstateid >= 0),
  constraint fk_fkstateid foreign key(fkstateid) references tblstate(pkid)
);

/****27/12/21****/

alter table tblcountry drop column txtsortname;
alter table tblcountry drop column txtphonecode;
delete from tblcity;
delete from tblstate;
delete from tblcountry;
alter table tblstate alter column txtname TYPE varchar(100);

insert into tblcountry (pkid, txtname) VALUES  
(1,'Afghanistan'),
(2,'Albania'),
(3,'Algeria'),
(4,'Andorra'),
(5,'Angola'),
(6,'Antarctica'),
(7,'Antigua and Barbuda'),
(8,'Argentina'),
(9,'Armenia'),
(10,'Australia'),
(11,'Austria'),
(12,'Azerbaijan'),
(13,'Bahamas'),
(14,'Bahrain'),
(15,'Bangladesh'),
(16,'Barbados'),
(17,'Belarus'),
(18,'Belgium'),
(19,'Belize'),
(20,'Benin'),
(21,'Bermuda'),
(22,'Bhutan'),
(23,'Bolivia'),
(24,'Bosnia and Herzegovina'),
(25,'Botswana'),
(26,'Brazil'),
(27,'Brunei'),
(28,'Bulgaria'),
(29,'Burkina Faso'),
(30,'Burma'),
(31,'Burundi'),
(32,'Cambodia'),
(33,'Cameroon'),
(34,'Canada'),
(35,'Cape Verde'),
(36,'Central African Republic'),
(37,'Chad'),
(38,'Chile'),
(39,'China'),
(40,'Colombia'),
(41,'Comoros'),
(42,'Congo, Democratic Republic'),
(43,'Congo, Republic of the'),
(44,'Costa Rica'),
(45,'Cote dIvoire'),
(46,'Croatia'),
(47,'Cuba'),
(48,'Cyprus'),
(49,'Czech Republic'),
(50,'Denmark'),
(51,'Djibouti'),
(52,'Dominica'),
(53,'Dominican Republic'),
(54,'East Timor'),
(55,'Ecuador'),
(56,'Egypt'),
(57,'El Salvador'),
(58,'Equatorial Guinea'),
(59,'Eritrea'),
(60,'Estonia'),
(61,'Ethiopia'),
(62,'Fiji'),
(63,'Finland'),
(64,'France'),
(65,'Gabon'),
(66,'Gambia'),
(67,'Georgia'),
(68,'Germany'),
(69,'Ghana'),
(70,'Greece'),
(71,'Greenland'),
(72,'Grenada'),
(73,'Guatemala'),
(74,'Guinea'),
(75,'Guinea-Bissau'),
(76,'Guyana'),
(77,'Haiti'),
(78,'Honduras'),
(79,'Hong Kong'),
(80,'Hungary'),
(81,'Iceland'),
(82,'India'),
(83,'Indonesia'),
(84,'Iran'),
(85,'Iraq'),
(86,'Ireland'),
(87,'Israel'),
(88,'Italy'),
(89,'Jamaica'),
(90,'Japan'),
(91,'Jordan'),
(92,'Kazakhstan'),
(93,'Kenya'),
(94,'Kiribati'),
(95,'Korea North'),
(96,'Korea South'),
(97,'Kuwait'),
(98,'Kyrgyzstan'),
(99,'Laos'),
(100,'Latvia'),
(101,'Lebanon'),
(102,'Lesotho'),
(103,'Liberia'),
(104,'Libya'),
(105,'Liechtenstein'),
(106,'Lithuania'),
(107,'Luxembourg'),
(108,'Macedonia'),
(109,'Madagascar'),
(110,'Malawi'),
(111,'Malaysia'),
(112,'Maldives'),
(113,'Mali'),
(114,'Malta'),
(115,'Marshall Islands'),
(116,'Mauritania'),
(117,'Mauritius'),
(118,'Mexico'),
(119,'Micronesia'),
(120,'Moldova'),
(121,'Mongolia'),
(122,'Morocco'),
(123,'Monaco'),
(124,'Mozambique'),
(125,'Namibia'),
(126,'Nauru'),
(127,'Nepal'),
(128,'Netherlands'),
(129,'New Zealand'),
(130,'Nicaragua'),
(131,'Niger'),
(132,'Nigeria'),
(133,'Norway'),
(134,'Oman'),
(135,'Pakistan'),
(136,'Panama'),
(137,'Papua New Guinea'),
(138,'Paraguay'),
(139,'Peru'),
(140,'Philippines'),
(141,'Poland'),
(142,'Portugal'),
(143,'Qatar'),
(144,'Romania'),
(145,'Russia'),
(146,'Rwanda'),
(147,'Samoa'),
(148,'San Marino'),
(149,'Sao Tome'),
(150,'Saudi Arabia'),
(151,'Senegal'),
(152,'Serbia and Montenegro'),
(153,'Seychelles'),
(154,'Sierra Leone'),
(155,'Singapore'),
(156,'Slovakia'),
(157,'Slovenia'),
(158,'Solomon Islands'),
(159,'Somalia'),
(160,'South Africa'),
(161,'Spain'),
(162,'Sri Lanka'),
(163,'Sudan'),
(164,'Suriname'),
(165,'Swaziland'),
(166,'Sweden'),
(167,'Switzerland'),
(168,'Syria'),
(169,'Taiwan'),
(170,'Tajikistan'),
(171,'Tanzania'),
(172,'Thailand'),
(173,'Togo'),
(174,'Tonga'),
(175,'Trinidad and Tobago'),
(176,'Tunisia'),
(177,'Turkey'),
(178,'Turkmenistan'),
(179,'Uganda'),
(180,'Ukraine'),
(181,'United Arab Emirates'),
(182,'United Kingdom'),
(183,'United States'),
(184,'Uruguay'),
(185,'Uzbekistan'),
(186,'Vanuatu'),
(187,'Venezuela'),
(188,'Vietnam'),
(189,'Yemen'),
(190,'Zambia'),
(191,'Zimbabwe');


insert into tblstate (pkid, txtname, fkcountryid) values (1,'Badakhshan',1)
,(2,'Badghis',1)
,(3,'Baghlan',1)
,(4,'Balkh',1)
,(5,'Bamian',1)
,(6,'Daykondi',1)
,(7,'Farah',1)
,(8,'Faryab',1)
,(9,'Ghazni',1)
,(10,'Ghowr',1)
,(11,'Helmand',1)
,(12,'Herat',1)
,(13,'Jowzjan',1)
,(14,'Kabul',1)
,(15,'Kandahar',1)
,(16,'Kapisa',1)
,(17,'Khost',1)
,(18,'Konar',1)
,(19,'Kondoz',1)
,(20,'Laghman',1)
,(21,'Lowgar',1)
,(22,'Nangarhar',1)
,(23,'Nimruz',1)
,(24,'Nurestan',1)
,(25,'Oruzgan',1)
,(26,'Paktia',1)
,(27,'Paktika',1)
,(28,'Panjshir',1)
,(29,'Parvan',1)
,(30,'Samangan',1)
,(31,'Sar-e Pol',1)
,(32,'Takhar',1)
,(33,'Vardak',1)
,(34,'Zabol',1)
,(35,'Berat',2)
,(36,'Dibres',2)
,(37,'Durres',2)
,(38,'Elbasan',2)
,(39,'Fier',2)
,(40,'Gjirokastre',2)
,(41,'Korce',2)
,(42,'Kukes',2)
,(43,'Lezhe',2)
,(44,'Shkoder',2)
,(45,'Tirane',2)
,(46,'Vlore',2)
,(47,'Adrar',3)
,(48,'Ain Defla',3)
,(49,'Ain Temouchent',3)
,(50,'Alger',3)
,(51,'Annaba',3)
,(52,'Batna',3)
,(53,'Bechar',3)
,(54,'Bejaia',3)
,(55,'Biskra',3)
,(56,'Blida',3)
,(57,'Bordj Bou Arreridj',3)
,(58,'Bouira',3)
,(59,'Boumerdes',3)
,(60,'Chlef',3)
,(61,'Constantine',3)
,(62,'Djelfa',3)
,(63,'El Bayadh',3)
,(64,'El Oued',3)
,(65,'El Tarf',3)
,(66,'Ghardaia',3)
,(67,'Guelma',3)
,(68,'Illizi',3)
,(69,'Jijel',3)
,(70,'Khenchela',3)
,(71,'Laghouat',3)
,(72,'Muaskar',3)
,(73,'Medea',3)
,(74,'Mila',3)
,(75,'Mostaganem',3)
,(76,'M''Sila',3)
,(77,'Naama',3)
,(78,'Oran',3)
,(79,'Ouargla',3)
,(80,'Oum el Bouaghi',3)
,(81,'Relizane',3)
,(82,'Saida',3)
,(83,'Setif',3)
,(84,'Sidi Bel Abbes',3)
,(85,'Skikda',3)
,(86,'Souk Ahras',3)
,(87,'Tamanghasset',3)
,(88,'Tebessa',3)
,(89,'Tiaret',3)
,(90,'Tindouf',3)
,(91,'Tipaza',3)
,(92,'Tissemsilt',3)
,(93,'Tizi Ouzou',3)
,(94,'Tlemcen',3)
,(95,'Andorra la Vella',4)
,(96,'Canillo',4)
,(97,'Encamp',4)
,(98,'Escaldes-Engordany',4)
,(99,'La Massana',4)
,(100,'Ordino',4)
,(101,'Sant Julia de Loria',4)
,(102,'Bengo',5)
,(103,'Benguela',5)
,(104,'Bie',5)
,(105,'Cabinda',5)
,(106,'Cuando Cubango',5)
,(107,'Cuanza Norte',5)
,(108,'Cuanza Sul',5)
,(109,'Cunene',5)
,(110,'Huambo',5)
,(111,'Huila',5)
,(112,'Luanda',5)
,(113,'Lunda Norte',5)
,(114,'Lunda Sul',5)
,(115,'Malanje',5)
,(116,'Moxico',5)
,(117,'Namibe',5)
,(118,'Uige',5)
,(119,'Zaire',5)
,(120,'Barbuda',7)
,(121,'Redonda',7)
,(122,'Saint George',7)
,(123,'Saint John',7)
,(124,'Saint Mary',7)
,(125,'Saint Paul',7)
,(126,'Saint Peter',7)
,(127,'Saint Philip',7)
,(128,'Buenos Aires',8)
,(129,'Buenos Aires Capital',8)
,(130,'Catamarca',8)
,(131,'Chaco',8)
,(132,'Chubut',8)
,(133,'Cordoba',8)
,(134,'Corrientes',8)
,(135,'Entre Rios',8)
,(136,'Formosa',8)
,(137,'Jujuy',8)
,(138,'La Pampa',8)
,(139,'La Rioja',8)
,(140,'Mendoza',8)
,(141,'Misiones',8)
,(142,'Neuquen',8)
,(143,'Rio Negro',8)
,(144,'Salta',8)
,(145,'San Juan',8)
,(146,'San Luis',8)
,(147,'Santa Cruz',8)
,(148,'Santa Fe',8)
,(149,'Santiago del Estero',8)
,(150,'Tierra del Fuego',8)
,(151,'Tucuman',8)
,(152,'Aragatsotn',9)
,(153,'Ararat',9)
,(154,'Armavir',9)
,(155,'Geghark''unik',9)
,(156,'Kotayk',9)
,(157,'Lorri',9)
,(158,'Shirak',9)
,(159,'Syunik',9)
,(160,'Tavush',9)
,(161,'Vayots'' Dzor',9)
,(162,'Yerevan',9)
,(163,'New South Wales',10)
,(164,'Queensland',10)
,(165,'South Australia',10)
,(166,'Tasmania',10)
,(167,'Victoria',10)
,(168,'Western Australia',10)
,(169,'Burgenland',11)
,(170,'Kaernten',11)
,(171,'Niederoesterreich',11)
,(172,'Oberoesterreich',11)
,(173,'Salzburg',11)
,(174,'Steiermark',11)
,(175,'Tirol',11)
,(176,'Vorarlberg',11)
,(177,'Wien',11)
,(178,'Abseron Rayonu',12)
,(179,'Agcabadi Rayonu',12)
,(180,'Agdam Rayonu',12)
,(181,'Agdas Rayonu',12)
,(182,'Agstafa Rayonu',12)
,(183,'Agsu Rayonu',12)
,(184,'Astara Rayonu',12)
,(185,'Balakan Rayonu',12)
,(186,'Barda Rayonu',12)
,(187,'Beylaqan Rayonu',12)
,(188,'Bilasuvar Rayonu',12)
,(189,'Cabrayil Rayonu',12)
,(190,'Calilabad Rayonu',12)
,(191,'Daskasan Rayonu',12)
,(192,'Davaci Rayonu',12)
,(193,'Fuzuli Rayonu',12)
,(194,'Gadabay Rayonu',12)
,(195,'Goranboy Rayonu',12)
,(196,'Goycay Rayonu',12)
,(197,'Haciqabul Rayonu',12)
,(198,'Imisli Rayonu',12)
,(199,'Ismayilli Rayonu',12)
,(200,'Kalbacar Rayonu',12)
,(201,'Kurdamir Rayonu',12)
,(202,'Lacin Rayonu',12)
,(203,'Lankaran Rayonu',12)
,(204,'Lerik Rayonu',12)
,(205,'Masalli Rayonu',12)
,(206,'Neftcala Rayonu',12)
,(207,'Oguz Rayonu',12)
,(208,'Qabala Rayonu',12)
,(209,'Qax Rayonu',12)
,(210,'Qazax Rayonu',12)
,(211,'Qobustan Rayonu',12)
,(212,'Quba Rayonu',12)
,(213,'Qubadli Rayonu',12)
,(214,'Qusar Rayonu',12)
,(215,'Saatli Rayonu',12)
,(216,'Sabirabad Rayonu',12)
,(217,'Saki Rayonu',12)
,(218,'Salyan Rayonu',12)
,(219,'Samaxi Rayonu',12)
,(220,'Samkir Rayonu',12)
,(221,'Samux Rayonu',12)
,(222,'Siyazan Rayonu',12)
,(223,'Susa Rayonu',12)
,(224,'Tartar Rayonu',12)
,(225,'Tovuz Rayonu',12)
,(226,'Ucar Rayonu',12)
,(227,'Xacmaz Rayonu',12)
,(228,'Xanlar Rayonu',12)
,(229,'Xizi Rayonu',12)
,(230,'Xocali Rayonu',12)
,(231,'Xocavand Rayonu',12)
,(232,'Yardimli Rayonu',12)
,(233,'Yevlax Rayonu',12)
,(234,'Zangilan Rayonu',12)
,(235,'Zaqatala Rayonu',12)
,(236,'Zardab Rayonu',12)
,(237,'Ali Bayramli Sahari',12)
,(238,'Baki Sahari',12)
,(239,'Ganca Sahari',12)
,(240,'Lankaran Sahari',12)
,(241,'Mingacevir Sahari',12)
,(242,'Naftalan Sahari',12)
,(243,'Saki Sahari',12)
,(244,'Sumqayit Sahari',12)
,(245,'Susa Sahari',12)
,(246,'Xankandi Sahari',12)
,(247,'Yevlax Sahari',12)
,(248,'Naxcivan Muxtar',12)
,(249,'Acklins and Crooked Islands',13)
,(250,'Bimini',13)
,(251,'Cat Island',13)
,(252,'Exuma',13)
,(253,'Freeport',13)
,(254,'Fresh Creek',13)
,(255,'Governor''s Harbour',13)
,(256,'Green Turtle Cay',13)
,(257,'Harbour Island',13)
,(258,'High Rock',13)
,(259,'Inagua',13)
,(260,'Kemps Bay',13)
,(261,'Long Island',13)
,(262,'Marsh Harbour',13)
,(263,'Mayaguana',13)
,(264,'New Providence',13)
,(265,'Nichollstown and Berry Islands',13)
,(266,'Ragged Island',13)
,(267,'Rock Sound',13)
,(268,'Sandy Point',13)
,(269,'San Salvador and Rum Cay',13)
,(270,'Al Hadd',14)
,(271,'Al Manamah',14)
,(272,'Al Mintaqah al Gharbiyah',14)
,(273,'Al Mintaqah al Wusta',14)
,(274,'Al Mintaqah ash Shamaliyah',14)
,(275,'Al Muharraq',14)
,(276,'Ar Rifa'' wa al Mintaqah al Janubiyah',14)
,(277,'Jidd Hafs',14)
,(278,'Madinat Hamad',14)
,(279,'Madinat ''Isa',14)
,(280,'Juzur Hawar',14)
,(281,'Sitrah',14)
,(282,'Barisal',15)
,(283,'Chittagong',15)
,(284,'Dhaka',15)
,(285,'Khulna',15)
,(286,'Rajshahi',15)
,(287,'Sylhet',15)
,(288,'Christ Church',16)
,(289,'Saint Andrew',16)
,(290,'Saint George',16)
,(291,'Saint James',16)
,(292,'Saint John',16)
,(293,'Saint Joseph',16)
,(294,'Saint Lucy',16)
,(295,'Saint Michael',16)
,(296,'Saint Peter',16)
,(297,'Saint Philip',16)
,(298,'Saint Thomas',16)
,(299,'Brest',17)
,(300,'Homyel',17)
,(301,'Horad Minsk',17)
,(302,'Hrodna',17)
,(303,'Mahilyow',17)
,(304,'Minsk',17)
,(305,'Vitsyebsk',17)
,(306,'Antwerpen',18)
,(307,'Brabant Wallon',18)
,(308,'Brussels',18)
,(309,'Flanders',18)
,(310,'Hainaut',18)
,(311,'Liege',18)
,(312,'Limburg',18)
,(313,'Luxembourg',18)
,(314,'Namur',18)
,(315,'Oost-Vlaanderen',18)
,(316,'Vlaams-Brabant',18)
,(317,'Wallonia',18)
,(318,'West-Vlaanderen',18)
,(319,'Belize',19)
,(320,'Cayo',19)
,(321,'Corozal',19)
,(322,'Orange Walk',19)
,(323,'Stann Creek',19)
,(324,'Toledo',19)
,(325,'Alibori',20)
,(326,'Atakora',20)
,(327,'Atlantique',20)
,(328,'Borgou',20)
,(329,'Collines',20)
,(330,'Donga',20)
,(331,'Kouffo',20)
,(332,'Littoral',20)
,(333,'Mono',20)
,(334,'Oueme',20)
,(335,'Plateau',20)
,(336,'Zou',20)
,(337,'Devonshire',21)
,(338,'Hamilton',21)
,(339,'Hamilton',21)
,(340,'Paget',21)
,(341,'Pembroke',21)
,(342,'Saint George',21)
,(343,'Saint George''s',21)
,(344,'Sandys',21)
,(345,'Smith''s',21)
,(346,'Southampton',21)
,(347,'Warwick',21)
,(348,'Bumthang',22)
,(349,'Chukha',22)
,(350,'Dagana',22)
,(351,'Gasa',22)
,(352,'Haa',22)
,(353,'Lhuntse',22)
,(354,'Mongar',22)
,(355,'Paro',22)
,(356,'Pemagatshel',22)
,(357,'Punakha',22)
,(358,'Samdrup Jongkhar',22)
,(359,'Samtse',22)
,(360,'Sarpang',22)
,(361,'Thimphu',22)
,(362,'Trashigang',22)
,(363,'Trashiyangste',22)
,(364,'Trongsa',22)
,(365,'Tsirang',22)
,(366,'Wangdue Phodrang',22)
,(367,'Zhemgang',22)
,(368,'Chuquisaca',23)
,(369,'Cochabamba',23)
,(370,'Beni',23)
,(371,'La Paz',23)
,(372,'Oruro',23)
,(373,'Pando',23)
,(374,'Potosi',23)
,(375,'Santa Cruz',23)
,(376,'Tarija',23)
,(377,'Una-Sana [Federation]',24)
,(378,'Posavina [Federation]',24)
,(379,'Tuzla [Federation]',24)
,(380,'Zenica-Doboj [Federation]',24)
,(381,'Bosnian Podrinje [Federation]',24)
,(382,'Central Bosnia [Federation]',24)
,(383,'Herzegovina-Neretva [Federation]',24)
,(384,'West Herzegovina [Federation]',24)
,(385,'Sarajevo [Federation]',24)
,(386,' West Bosnia [Federation]',24)
,(387,'Banja Luka [RS]',24)
,(388,'Bijeljina [RS]',24)
,(389,'Doboj [RS]',24)
,(390,'Fo?a [RS]',24)
,(391,'Sarajevo-Romanija [RS]',24)
,(392,'Trebinje [RS]',24)
,(393,'Vlasenica [RS]',24)
,(394,'Central',25)
,(395,'Ghanzi',25)
,(396,'Kgalagadi',25)
,(397,'Kgatleng',25)
,(398,'Kweneng',25)
,(399,'North East',25)
,(400,'North West',25)
,(401,'South East',25)
,(402,'Southern',25)
,(403,'Acre',26)
,(404,'Alagoas',26)
,(405,'Amapa',26)
,(406,'Amazonas',26)
,(407,'Bahia',26)
,(408,'Ceara',26)
,(409,'Distrito Federal',26)
,(410,'Espirito Santo',26)
,(411,'Goias',26)
,(412,'Maranhao',26)
,(413,'Mato Grosso',26)
,(414,'Mato Grosso do Sul',26)
,(415,'Minas Gerais',26)
,(416,'Para',26)
,(417,'Paraiba',26)
,(418,'Parana',26)
,(419,'Pernambuco',26)
,(420,'Piaui',26)
,(421,'Rio de Janeiro',26)
,(422,'Rio Grande do Norte',26)
,(423,'Rio Grande do Sul',26)
,(424,'Rondonia',26)
,(425,'Roraima',26)
,(426,'Santa Catarina',26)
,(427,'Sao Paulo',26)
,(428,'Sergipe',26)
,(429,'Tocantins',26)
,(430,'Belait',27)
,(431,'Brunei and Muara',27)
,(432,'Temburong',27)
,(433,'Tutong',27)
,(434,'Blagoevgrad',28)
,(435,'Burgas',28)
,(436,'Dobrich',28)
,(437,'Gabrovo',28)
,(438,'Khaskovo',28)
,(439,'Kurdzhali',28)
,(440,'Kyustendil',28)
,(441,'Lovech',28)
,(442,'Montana',28)
,(443,'Pazardzhik',28)
,(444,'Pernik',28)
,(445,'Pleven',28)
,(446,'Plovdiv',28)
,(447,'Razgrad',28)
,(448,'Ruse',28)
,(449,'Shumen',28)
,(450,'Silistra',28)
,(451,'Sliven',28)
,(452,'Smolyan',28)
,(453,'Sofiya',28)
,(454,'Sofiya-Grad',28)
,(455,'Stara Zagora',28)
,(456,'Turgovishte',28)
,(457,'Varna',28)
,(458,'Veliko Turnovo',28)
,(459,'Vidin',28)
,(460,'Vratsa',28)
,(461,'Yambol',28)
,(462,'Bale',29)
,(463,'Bam',29)
,(464,'Banwa',29)
,(465,'Bazega',29)
,(466,'Bougouriba',29)
,(467,'Boulgou',29)
,(468,'Boulkiemde',29)
,(469,'Comoe',29)
,(470,'Ganzourgou',29)
,(471,'Gnagna',29)
,(472,'Gourma',29)
,(473,'Houet',29)
,(474,'Ioba',29)
,(475,'Kadiogo',29)
,(476,'Kenedougou',29)
,(477,'Komondjari',29)
,(478,'Kompienga',29)
,(479,'Kossi',29)
,(480,'Koulpelogo',29)
,(481,'Kouritenga',29)
,(482,'Kourweogo',29)
,(483,'Leraba',29)
,(484,'Loroum',29)
,(485,'Mouhoun',29)
,(486,'Namentenga',29)
,(487,'Nahouri',29)
,(488,'Nayala',29)
,(489,'Noumbiel',29)
,(490,'Oubritenga',29)
,(491,'Oudalan',29)
,(492,'Passore',29)
,(493,'Poni',29)
,(494,'Sanguie',29)
,(495,'Sanmatenga',29)
,(496,'Seno',29)
,(497,'Sissili',29)
,(498,'Soum',29)
,(499,'Sourou',29)
,(500,'Tapoa',29)
,(501,'Tuy',29)
,(502,'Yagha',29)
,(503,'Yatenga',29)
,(504,'Ziro',29)
,(505,'Zondoma',29)
,(506,'Zoundweogo',29)
,(507,'Ayeyarwady',30)
,(508,'Bago',30)
,(509,'Magway',30)
,(510,'Mandalay',30)
,(511,'Sagaing',30)
,(512,'Tanintharyi',30)
,(513,'Yangon',30)
,(514,'Chin State',30)
,(515,'Kachin State',30)
,(516,'Kayin State',30)
,(517,'Kayah State',30)
,(518,'Mon State',30)
,(519,'Rakhine State',30)
,(520,'Shan State',30)
,(521,'Bubanza',31)
,(522,'Bujumbura Mairie',31)
,(523,'Bujumbura Rural',31)
,(524,'Bururi',31)
,(525,'Cankuzo',31)
,(526,'Cibitoke',31)
,(527,'Gitega',31)
,(528,'Karuzi',31)
,(529,'Kayanza',31)
,(530,'Kirundo',31)
,(531,'Makamba',31)
,(532,'Muramvya',31)
,(533,'Muyinga',31)
,(534,'Mwaro',31)
,(535,'Ngozi',31)
,(536,'Rutana',31)
,(537,'Ruyigi',31)
,(538,'Banteay Mean Chey',32)
,(539,'Batdambang',32)
,(540,'Kampong Cham',32)
,(541,'Kampong Chhnang',32)
,(542,'Kampong Spoe',32)
,(543,'Kampong Thum',32)
,(544,'Kampot',32)
,(545,'Kandal',32)
,(546,'Koh Kong',32)
,(547,'Kracheh',32)
,(548,'Mondol Kiri',32)
,(549,'Otdar Mean Chey',32)
,(550,'Pouthisat',32)
,(551,'Preah Vihear',32)
,(552,'Prey Veng',32)
,(553,'Rotanakir',32)
,(554,'Siem Reab',32)
,(555,'Stoeng Treng',32)
,(556,'Svay Rieng',32)
,(557,'Takao',32)
,(558,'Keb',32)
,(559,'Pailin',32)
,(560,'Phnom Penh',32)
,(561,'Preah Seihanu',32)
,(562,'Adamaoua',33)
,(563,'Centre',33)
,(564,'Est',33)
,(565,'Extreme-Nord',33)
,(566,'Littoral',33)
,(567,'Nord',33)
,(568,'Nord-Ouest',33)
,(569,'Ouest',33)
,(570,'Sud',33)
,(571,'Sud-Ouest',33)
,(572,'Alberta',34)
,(573,'British Columbia',34)
,(574,'Manitoba',34)
,(575,'New Brunswick',34)
,(576,'Newfoundland and Labrador',34)
,(577,'Northwest Territories',34)
,(578,'Nova Scotia',34)
,(579,'Nunavut',34)
,(580,'Ontario',34)
,(581,'Prince Edward Island',34)
,(582,'Quebec',34)
,(583,'Saskatchewan',34)
,(584,'Yukon Territory',34)
,(585,'Bamingui-Bangoran',36)
,(586,'Bangui',36)
,(587,'Basse-Kotto',36)
,(588,'Haute-Kotto',36)
,(589,'Haut-Mbomou',36)
,(590,'Kemo',36)
,(591,'Lobaye',36)
,(592,'Mambere-Kadei',36)
,(593,'Mbomou',36)
,(594,'Nana-Grebizi',36)
,(595,'Nana-Mambere',36)
,(596,'Ombella-Mpoko',36)
,(597,'Ouaka',36)
,(598,'Ouham',36)
,(599,'Ouham-Pende',36)
,(600,'Sangha-Mbaere',36)
,(601,'Vakaga',36)
,(602,'Batha',37)
,(603,'Biltine',37)
,(604,'Borkou-Ennedi-Tibesti',37)
,(605,'Chari-Baguirmi',37)
,(606,'Guéra',37)
,(607,'Kanem',37)
,(608,'Lac',37)
,(609,'Logone Occidental',37)
,(610,'Logone Oriental',37)
,(611,'Mayo-Kebbi',37)
,(612,'Moyen-Chari',37)
,(613,'Ouaddaï',37)
,(614,'Salamat',37)
,(615,'Tandjile',37)
,(616,'Aysen',38)
,(617,'Antofagasta',38)
,(618,'Araucania',38)
,(619,'Atacama',38)
,(620,'Bio-Bio',38)
,(621,'Coquimbo',38)
,(622,'O''Higgins',38)
,(623,'Los Lagos',38)
,(624,'Magallanes y la Antartica Chilena',38)
,(625,'Maule',38)
,(626,'Santiago Region Metropolitana',38)
,(627,'Tarapaca',38)
,(628,'Valparaiso',38)
,(629,'Anhui',39)
,(630,'Fujian',39)
,(631,'Gansu',39)
,(632,'Guangdong',39)
,(633,'Guizhou',39)
,(634,'Hainan',39)
,(635,'Hebei',39)
,(636,'Heilongjiang',39)
,(637,'Henan',39)
,(638,'Hubei',39)
,(639,'Hunan',39)
,(640,'Jiangsu',39)
,(641,'Jiangxi',39)
,(642,'Jilin',39)
,(643,'Liaoning',39)
,(644,'Qinghai',39)
,(645,'Shaanxi',39)
,(646,'Shandong',39)
,(647,'Shanxi',39)
,(648,'Sichuan',39)
,(649,'Yunnan',39)
,(650,'Zhejiang',39)
,(651,'Guangxi',39)
,(652,'Nei Mongol',39)
,(653,'Ningxia',39)
,(654,'Xinjiang',39)
,(655,'Xizang (Tibet)',39)
,(656,'Beijing',39)
,(657,'Chongqing',39)
,(658,'Shanghai',39)
,(659,'Tianjin',39)
,(660,'Amazonas',40)
,(661,'Antioquia',40)
,(662,'Arauca',40)
,(663,'Atlantico',40)
,(664,'Bogota District Capital',40)
,(665,'Bolivar',40)
,(666,'Boyaca',40)
,(667,'Caldas',40)
,(668,'Caqueta',40)
,(669,'Casanare',40)
,(670,'Cauca',40)
,(671,'Cesar',40)
,(672,'Choco',40)
,(673,'Cordoba',40)
,(674,'Cundinamarca',40)
,(675,'Guainia',40)
,(676,'Guaviare',40)
,(677,'Huila',40)
,(678,'La Guajira',40)
,(679,'Magdalena',40)
,(680,'Meta',40)
,(681,'Narino',40)
,(682,'Norte de Santander',40)
,(683,'Putumayo',40)
,(684,'Quindio',40)
,(685,'Risaralda',40)
,(686,'San Andres & Providencia',40)
,(687,'Santander',40)
,(688,'Sucre',40)
,(689,'Tolima',40)
,(690,'Valle del Cauca',40)
,(691,'Vaupes',40)
,(692,'Vichada',40)
,(693,'Grande Comore (Njazidja)',41)
,(694,'Anjouan (Nzwani)',41)
,(695,'Moheli (Mwali)',41)
,(696,'Bandundu',42)
,(697,'Bas-Congo',42)
,(698,'Equateur',42)
,(699,'Kasai-Occidental',42)
,(700,'Kasai-Oriental',42)
,(701,'Katanga',42)
,(702,'Kinshasa',42)
,(703,'Maniema',42)
,(704,'Nord-Kivu',42)
,(705,'Orientale',42)
,(706,'Sud-Kivu',42)
,(707,'Bouenza',43)
,(708,'Brazzaville',43)
,(709,'Cuvette',43)
,(710,'Cuvette-Ouest',43)
,(711,'Kouilou',43)
,(712,'Lekoumou',43)
,(713,'Likouala',43)
,(714,'Niari',43)
,(715,'Plateaux',43)
,(716,'Pool',43)
,(717,'Sangha',43)
,(718,'Alajuela',44)
,(719,'Cartago',44)
,(720,'Guanacaste',44)
,(721,'Heredia',44)
,(722,'Limon',44)
,(723,'Puntarenas',44)
,(724,'San Jose',44)
,(725,'Bjelovarsko-Bilogorska',46)
,(726,'Brodsko-Posavska',46)
,(727,'Dubrovacko-Neretvanska',46)
,(728,'Istarska',46)
,(729,'Karlovacka',46)
,(730,'Koprivnicko-Krizevacka',46)
,(731,'Krapinsko-Zagorska',46)
,(732,'Licko-Senjska',46)
,(733,'Medimurska',46)
,(734,'Osjecko-Baranjska',46)
,(735,'Pozesko-Slavonska',46)
,(736,'Primorsko-Goranska',46)
,(737,'Sibensko-Kninska',46)
,(738,'Sisacko-Moslavacka',46)
,(739,'Splitsko-Dalmatinska',46)
,(740,'Varazdinska',46)
,(741,'Viroviticko-Podravska',46)
,(742,'Vukovarsko-Srijemska',46)
,(743,'Zadarska',46)
,(744,'Zagreb',46)
,(745,'Zagrebacka',46)
,(746,'Camaguey',47)
,(747,'Ciego de Avila',47)
,(748,'Cienfuegos',47)
,(749,'Ciudad de La Habana',47)
,(750,'Granma',47)
,(751,'Guantanamo',47)
,(752,'Holguin',47)
,(753,'Isla de la Juventud',47)
,(754,'La Habana',47)
,(755,'Las Tunas',47)
,(756,'Matanzas',47)
,(757,'Pinar del Rio',47)
,(758,'Sancti Spiritus',47)
,(759,'Santiago de Cuba',47)
,(760,'Villa Clara',47)
,(761,'Famagusta',48)
,(762,'Kyrenia',48)
,(763,'Larnaca',48)
,(764,'Limassol',48)
,(765,'Nicosia',48)
,(766,'Paphos',48)
,(767,'Jihocesky Kraj',49)
,(768,'Jihomoravsky Kraj',49)
,(769,'Karlovarsky Kraj',49)
,(770,'Kralovehradecky Kraj',49)
,(771,'Liberecky Kraj',49)
,(772,'Moravskoslezsky Kraj',49)
,(773,'Olomoucky Kraj',49)
,(774,'Pardubicky Kraj',49)
,(775,'Plzensky Kraj',49)
,(776,'Praha',49)
,(777,'Stredocesky Kraj',49)
,(778,'Ustecky Kraj',49)
,(779,'Vysocina',49)
,(780,'Zlinsky Kraj',49)
,(781,'Arhus',50)
,(782,'Bornholm',50)
,(783,'Frederiksberg',50)
,(784,'Frederiksborg',50)
,(785,'Fyn',50)
,(786,'Kobenhavn',50)
,(787,'Kobenhavns',50)
,(788,'Nordjylland',50)
,(789,'Ribe',50)
,(790,'Ringkobing',50)
,(791,'Roskilde',50)
,(792,'Sonderjylland',50)
,(793,'Storstrom',50)
,(794,'Vejle',50)
,(795,'Vestsjalland',50)
,(796,'Viborg',50)
,(797,'Ali Sabih',51)
,(798,'Dikhil',51)
,(799,'Djibouti',51)
,(800,'Obock',51)
,(801,'Tadjoura',51)
,(802,'Saint Andrew',52)
,(803,'Saint David',52)
,(804,'Saint George',52)
,(805,'Saint John',52)
,(806,'Saint Joseph',52)
,(807,'Saint Luke',52)
,(808,'Saint Mark',52)
,(809,'Saint Patrick',52)
,(810,'Saint Paul',52)
,(811,'Saint Peter',52)
,(812,'Azua',53)
,(813,'Baoruco',53)
,(814,'Barahona',53)
,(815,'Dajabon',53)
,(816,'Distrito Nacional',53)
,(817,'Duarte',53)
,(818,'Elias Pina',53)
,(819,'El Seibo',53)
,(820,'Espaillat',53)
,(821,'Hato Mayor',53)
,(822,'Independencia',53)
,(823,'La Altagracia',53)
,(824,'La Romana',53)
,(825,'La Vega',53)
,(826,'Maria Trinidad Sanchez',53)
,(827,'Monsenor Nouel',53)
,(828,'Monte Cristi',53)
,(829,'Monte Plata',53)
,(830,'Pedernales',53)
,(831,'Peravia',53)
,(832,'Puerto Plata',53)
,(833,'Salcedo',53)
,(834,'Samana',53)
,(835,'Sanchez Ramirez',53)
,(836,'San Cristobal',53)
,(837,'San Jose de Ocoa',53)
,(838,'San Juan',53)
,(839,'San Pedro de Macoris',53)
,(840,'Santiago',53)
,(841,'Santiago Rodriguez',53)
,(842,'Santo Domingo',53)
,(843,'Valverde',53)
,(844,'Aileu',54)
,(845,'Ainaro',54)
,(846,'Baucau',54)
,(847,'Bobonaro',54)
,(848,'Cova-Lima',54)
,(849,'Dili',54)
,(850,'Ermera',54)
,(851,'Lautem',54)
,(852,'Liquica',54)
,(853,'Manatuto',54)
,(854,'Manufahi',54)
,(855,'Oecussi',54)
,(856,'Viqueque',54)
,(857,'Azuay',55)
,(858,'Bolivar',55)
,(859,'Canar',55)
,(860,'Carchi',55)
,(861,'Chimborazo',55)
,(862,'Cotopaxi',55)
,(863,'El Oro',55)
,(864,'Esmeraldas',55)
,(865,'Galapagos',55)
,(866,'Guayas',55)
,(867,'Imbabura',55)
,(868,'Loja',55)
,(869,'Los Rios',55)
,(870,'Manabi',55)
,(871,'Morona-Santiago',55)
,(872,'Napo',55)
,(873,'Orellana',55)
,(874,'Pastaza',55)
,(875,'Pichincha',55)
,(876,'Sucumbios',55)
,(877,'Tungurahua',55)
,(878,'Zamora-Chinchipe',55)
,(879,'Ad Daqahliyah',56)
,(880,'Al Bahr al Ahmar',56)
,(881,'Al Buhayrah',56)
,(882,'Al Fayyum',56)
,(883,'Al Gharbiyah',56)
,(884,'Al Iskandariyah',56)
,(885,'Al Isma''iliyah',56)
,(886,'Al Jizah',56)
,(887,'Al Minufiyah',56)
,(888,'Al Minya',56)
,(889,'Al Qahirah',56)
,(890,'Al Qalyubiyah',56)
,(891,'Al Wadi al Jadid',56)
,(892,'Ash Sharqiyah',56)
,(893,'As Suways',56)
,(894,'Aswan',56)
,(895,'Asyut',56)
,(896,'Bani Suwayf',56)
,(897,'Bur Sa''id',56)
,(898,'Dumyat',56)
,(899,'Janub Sina',56)
,(900,'Kafr ash Shaykh',56)
,(901,'Matruh',56)
,(902,'Qina',56)
,(903,'Shamal Sina',56)
,(904,'Suhaj',56)
,(905,'Ahuachapan',57)
,(906,'Cabanas',57)
,(907,'Chalatenango',57)
,(908,'Cuscatlan',57)
,(909,'La Libertad',57)
,(910,'La Paz',57)
,(911,'La Union',57)
,(912,'Morazan',57)
,(913,'San Miguel',57)
,(914,'San Salvador',57)
,(915,'Santa Ana',57)
,(916,'San Vicente',57)
,(917,'Sonsonate',57)
,(918,'Usulutan',57)
,(919,'Annobon',58)
,(920,'Bioko Norte',58)
,(921,'Bioko Sur',58)
,(922,'Centro Sur',58)
,(923,'Kie-Ntem',58)
,(924,'Litoral',58)
,(925,'Wele-Nzas',58)
,(926,'Anseba',59)
,(927,'Debub',59)
,(928,'Debubawi K''eyih Bahri',59)
,(929,'Gash Barka',59)
,(930,'Ma''akel',59)
,(931,'Semenawi Keyih Bahri',59)
,(932,'Harjumaa (Tallinn)',60)
,(933,'Hiiumaa (Kardla)',60)
,(934,'Ida-Virumaa (Johvi)',60)
,(935,'Jarvamaa (Paide)',60)
,(936,'Jogevamaa (Jogeva)',60)
,(937,'Laanemaa (Haapsalu)',60)
,(938,'Laane-Virumaa (Rakvere)',60)
,(939,'Parnumaa (Parnu)',60)
,(940,'Polvamaa (Polva)',60)
,(941,'Raplamaa (Rapla)',60)
,(942,'Saaremaa (Kuressaare)',60)
,(943,'Tartumaa (Tartu)',60)
,(944,'Valgamaa (Valga)',60)
,(945,'Viljandimaa (Viljandi)',60)
,(946,'Vorumaa (Voru)',60)
,(947,'Addis Ababa',61)
,(948,'Afar',61)
,(949,'Amhara',61)
,(950,'Binshangul Gumuz',61)
,(951,'Dire Dawa',61)
,(952,'Gambela Hizboch',61)
,(953,'Harari',61)
,(954,'Oromia',61)
,(955,'Somali',61)
,(956,'Tigray',61)
,(957,'Southern Nations, Nationalities, and Peoples Region',61)
,(958,'Central (Suva)',62)
,(959,'Eastern (Levuka)',62)
,(960,'Northern (Labasa)',62)
,(961,'Rotuma',62)
,(962,'Western (Lautoka)',62)
,(963,'Aland',63)
,(964,'Etela-Suomen Laani',63)
,(965,'Ita-Suomen Laani',63)
,(966,'Lansi-Suomen Laani',63)
,(967,'Lappi',63)
,(968,'Oulun Laani',63)
,(969,'Alsace',64)
,(970,'Aquitaine',64)
,(971,'Auvergne',64)
,(972,'Basse-Normandie',64)
,(973,'Bourgogne',64)
,(974,'Bretagne',64)
,(975,'Centre',64)
,(976,'Champagne-Ardenne',64)
,(977,'Corse',64)
,(978,'Franche-Comte',64)
,(979,'Haute-Normandie',64)
,(980,'Ile-de-France',64)
,(981,'Languedoc-Roussillon',64)
,(982,'Limousin',64)
,(983,'Lorraine',64)
,(984,'Midi-Pyrenees',64)
,(985,'Nord-Pas-de-Calais',64)
,(986,'Pays de la Loire',64)
,(987,'Picardie',64)
,(988,'Poitou-Charentes',64)
,(989,'Provence-Alpes-Cote d''Azur',64)
,(990,'Rhone-Alpes',64)
,(991,'Estuaire',65)
,(992,'Haut-Ogooue',65)
,(993,'Moyen-Ogooue',65)
,(994,'Ngounie',65)
,(995,'Nyanga',65)
,(996,'Ogooue-Ivindo',65)
,(997,'Ogooue-Lolo',65)
,(998,'Ogooue-Maritime',65)
,(999,'Woleu-Ntem',65)
,(1000,'Banjul',66)
,(1001,'Central River',66)
,(1002,'Lower River',66)
,(1003,'North Bank',66)
,(1004,'Upper River',66)
,(1005,'Western',66)
,(1006,'Baden-Wuerttemberg',68)
,(1007,'Bayern',68)
,(1008,'Berlin',68)
,(1009,'Brandenburg',68)
,(1010,'Bremen',68)
,(1011,'Hamburg',68)
,(1012,'Hessen',68)
,(1013,'Mecklenburg-Vorpommern',68)
,(1014,'Niedersachsen',68)
,(1015,'Nordrhein-Westfalen',68)
,(1016,'Rheinland-Pfalz',68)
,(1017,'Saarland',68)
,(1018,'Sachsen',68)
,(1019,'Sachsen-Anhalt',68)
,(1020,'Schleswig-Holstein',68)
,(1021,'Thueringen',68)
,(1022,'Ashanti',69)
,(1023,'Brong-Ahafo',69)
,(1024,'Central',69)
,(1025,'Eastern',69)
,(1026,'Greater Accra',69)
,(1027,'Northern',69)
,(1028,'Upper East',69)
,(1029,'Upper West',69)
,(1030,'Volta',69)
,(1031,'Western',69)
,(1032,'Agion Oros',70)
,(1033,'Achaia',70)
,(1034,'Aitolia kai Akarmania',70)
,(1035,'Argolis',70)
,(1036,'Arkadia',70)
,(1037,'Arta',70)
,(1038,'Attiki',70)
,(1039,'Chalkidiki',70)
,(1040,'Chanion',70)
,(1041,'Chios',70)
,(1042,'Dodekanisos',70)
,(1043,'Drama',70)
,(1044,'Evros',70)
,(1045,'Evrytania',70)
,(1046,'Evvoia',70)
,(1047,'Florina',70)
,(1048,'Fokidos',70)
,(1049,'Fthiotis',70)
,(1050,'Grevena',70)
,(1051,'Ileia',70)
,(1052,'Imathia',70)
,(1053,'Ioannina',70)
,(1054,'Irakleion',70)
,(1055,'Karditsa',70)
,(1056,'Kastoria',70)
,(1057,'Kavala',70)
,(1058,'Kefallinia',70)
,(1059,'Kerkyra',70)
,(1060,'Kilkis',70)
,(1061,'Korinthia',70)
,(1062,'Kozani',70)
,(1063,'Kyklades',70)
,(1064,'Lakonia',70)
,(1065,'Larisa',70)
,(1066,'Lasithi',70)
,(1067,'Lefkas',70)
,(1068,'Lesvos',70)
,(1069,'Magnisia',70)
,(1070,'Messinia',70)
,(1071,'Pella',70)
,(1072,'Pieria',70)
,(1073,'Preveza',70)
,(1074,'Rethynnis',70)
,(1075,'Rodopi',70)
,(1076,'Samos',70)
,(1077,'Serrai',70)
,(1078,'Thesprotia',70)
,(1079,'Thessaloniki',70)
,(1080,'Trikala',70)
,(1081,'Voiotia',70)
,(1082,'Xanthi',70)
,(1083,'Zakynthos',70)
,(1084,'Avannaa (Nordgronland)',71)
,(1085,'Tunu (Ostgronland)',71)
,(1086,'Kitaa (Vestgronland)',71)
,(1087,'Carriacou and Petit Martinique',72)
,(1088,'Saint Andrew',72)
,(1089,'Saint David',72)
,(1090,'Saint George',72)
,(1091,'Saint John',72)
,(1092,'Saint Mark',72)
,(1093,'Saint Patrick',72)
,(1094,'Alta Verapaz',73)
,(1095,'Baja Verapaz',73)
,(1096,'Chimaltenango',73)
,(1097,'Chiquimula',73)
,(1098,'El Progreso',73)
,(1099,'Escuintla',73)
,(1100,'Guatemala',73)
,(1101,'Huehuetenango',73)
,(1102,'Izabal',73)
,(1103,'Jalapa',73)
,(1104,'Jutiapa',73)
,(1105,'Peten',73)
,(1106,'Quetzaltenango',73)
,(1107,'Quiche',73)
,(1108,'Retalhuleu',73)
,(1109,'Sacatepequez',73)
,(1110,'San Marcos',73)
,(1111,'Santa Rosa',73)
,(1112,'Solola',73)
,(1113,'Suchitepequez',73)
,(1114,'Totonicapan',73)
,(1115,'Zacapa',73)
,(1116,'Beyla',74)
,(1117,'Boffa',74)
,(1118,'Boke',74)
,(1119,'Conakry',74)
,(1120,'Coyah',74)
,(1121,'Dabola',74)
,(1122,'Dalaba',74)
,(1123,'Dinguiraye',74)
,(1124,'Dubreka',74)
,(1125,'Faranah',74)
,(1126,'Forecariah',74)
,(1127,'Fria',74)
,(1128,'Gaoual',74)
,(1129,'Gueckedou',74)
,(1130,'Kankan',74)
,(1131,'Kerouane',74)
,(1132,'Kindia',74)
,(1133,'Kissidougou',74)
,(1134,'Koubia',74)
,(1135,'Koundara',74)
,(1136,'Kouroussa',74)
,(1137,'Labe',74)
,(1138,'Lelouma',74)
,(1139,'Lola',74)
,(1140,'Macenta',74)
,(1141,'Mali',74)
,(1142,'Mamou',74)
,(1143,'Mandiana',74)
,(1144,'Nzerekore',74)
,(1145,'Pita',74)
,(1146,'Siguiri',74)
,(1147,'Telimele',74)
,(1148,'Tougue',74)
,(1149,'Yomou',74)
,(1150,'Bafata',75)
,(1151,'Biombo',75)
,(1152,'Bissau',75)
,(1153,'Bolama',75)
,(1154,'Cacheu',75)
,(1155,'Gabu',75)
,(1156,'Oio',75)
,(1157,'Quinara',75)
,(1158,'Tombali',75)
,(1159,'Barima-Waini',76)
,(1160,'Cuyuni-Mazaruni',76)
,(1161,'Demerara-Mahaica',76)
,(1162,'East Berbice-Corentyne',76)
,(1163,'Essequibo Islands-West Demerara',76)
,(1164,'Mahaica-Berbice',76)
,(1165,'Pomeroon-Supenaam',76)
,(1166,'Potaro-Siparuni',76)
,(1167,'Upper Demerara-Berbice',76)
,(1168,'Upper Takutu-Upper Essequibo',76)
,(1169,'Artibonite',77)
,(1170,'Centre',77)
,(1171,'Grand ''Anse',77)
,(1172,'Nord',77)
,(1173,'Nord-Est',77)
,(1174,'Nord-Ouest',77)
,(1175,'Ouest',77)
,(1176,'Sud',77)
,(1177,'Sud-Est',77)
,(1178,'Atlantida',78)
,(1179,'Choluteca',78)
,(1180,'Colon',78)
,(1181,'Comayagua',78)
,(1182,'Copan',78)
,(1183,'Cortes',78)
,(1184,'El Paraiso',78)
,(1185,'Francisco Morazan',78)
,(1186,'Gracias a Dios',78)
,(1187,'Intibuca',78)
,(1188,'Islas de la Bahia',78)
,(1189,'La Paz',78)
,(1190,'Lempira',78)
,(1191,'Ocotepeque',78)
,(1192,'Olancho',78)
,(1193,'Santa Barbara',78)
,(1194,'Valle',78)
,(1195,'Yoro',78)
,(1196,'Bacs-Kiskun',80)
,(1197,'Baranya',80)
,(1198,'Bekes',80)
,(1199,'Borsod-Abauj-Zemplen',80)
,(1200,'Csongrad',80)
,(1201,'Fejer',80)
,(1202,'Gyor-Moson-Sopron',80)
,(1203,'Hajdu-Bihar',80)
,(1204,'Heves',80)
,(1205,'Jasz-Nagykun-Szolnok',80)
,(1206,'Komarom-Esztergom',80)
,(1207,'Nograd',80)
,(1208,'Pest',80)
,(1209,'Somogy',80)
,(1210,'Szabolcs-Szatmar-Bereg',80)
,(1211,'Tolna',80)
,(1212,'Vas',80)
,(1213,'Veszprem',80)
,(1214,'Zala',80)
,(1215,'Bekescsaba',80)
,(1216,'Debrecen',80)
,(1217,'Dunaujvaros',80)
,(1218,'Eger',80)
,(1219,'Gyor',80)
,(1220,'Hodmezovasarhely',80)
,(1221,'Kaposvar',80)
,(1222,'Kecskemet',80)
,(1223,'Miskolc',80)
,(1224,'Nagykanizsa',80)
,(1225,'Nyiregyhaza',80)
,(1226,'Pecs',80)
,(1227,'Sopron',80)
,(1228,'Szeged',80)
,(1229,'Szekesfehervar',80)
,(1230,'Szolnok',80)
,(1231,'Szombathely',80)
,(1232,'Tatabanya',80)
,(1233,'Veszprem',80)
,(1234,'Zalaegerszeg',80)
,(1235,'Austurland',81)
,(1236,'Hofudhborgarsvaedhi',81)
,(1237,'Nordhurland Eystra',81)
,(1238,'Nordhurland Vestra',81)
,(1239,'Sudhurland',81)
,(1240,'Sudhurnes',81)
,(1241,'Vestfirdhir',81)
,(1242,'Vesturland',81)
,(1243,'Andaman and Nicobar Islands',82)
,(1244,'Andhra Pradesh',82)
,(1245,'Arunachal Pradesh',82)
,(1246,'Assam',82)
,(1247,'Bihar',82)
,(1248,'Chandigarh',82)
,(1249,'Chhattisgarh',82)
,(1250,'Dadra and Nagar Haveli',82)
,(1251,'Daman and Diu',82)
,(1252,'Delhi',82)
,(1253,'Goa',82)
,(1254,'Gujarat',82)
,(1255,'Haryana',82)
,(1256,'Himachal Pradesh',82)
,(1257,'Jammu and Kashmir',82)
,(1258,'Jharkhand',82)
,(1259,'Karnataka',82)
,(1260,'Kerala',82)
,(1261,'Lakshadweep',82)
,(1262,'Madhya Pradesh',82)
,(1263,'Maharashtra',82)
,(1264,'Manipur',82)
,(1265,'Meghalaya',82)
,(1266,'Mizoram',82)
,(1267,'Nagaland',82)
,(1268,'Orissa',82)
,(1269,'Pondicherry',82)
,(1270,'Punjab',82)
,(1271,'Rajasthan',82)
,(1272,'Sikkim',82)
,(1273,'Tamil Nadu',82)
,(1274,'Tripura',82)
,(1275,'Uttaranchal',82)
,(1276,'Uttar Pradesh',82)
,(1277,'West Bengal',82)
,(1278,'Aceh',83)
,(1279,'Bali',83)
,(1280,'Banten',83)
,(1281,'Bengkulu',83)
,(1282,'Gorontalo',83)
,(1283,'Irian Jaya Barat',83)
,(1284,'Jakarta Raya',83)
,(1285,'Jambi',83)
,(1286,'Jawa Barat',83)
,(1287,'Jawa Tengah',83)
,(1288,'Jawa Timur',83)
,(1289,'Kalimantan Barat',83)
,(1290,'Kalimantan Selatan',83)
,(1291,'Kalimantan Tengah',83)
,(1292,'Kalimantan Timur',83)
,(1293,'Kepulauan Bangka Belitung',83)
,(1294,'Kepulauan Riau',83)
,(1295,'Lampung',83)
,(1296,'Maluku',83)
,(1297,'Maluku Utara',83)
,(1298,'Nusa Tenggara Barat',83)
,(1299,'Nusa Tenggara Timur',83)
,(1300,'Papua',83)
,(1301,'Riau',83)
,(1302,'Sulawesi Barat',83)
,(1303,'Sulawesi Selatan',83)
,(1304,'Sulawesi Tengah',83)
,(1305,'Sulawesi Tenggara',83)
,(1306,'Sulawesi Utara',83)
,(1307,'Sumatera Barat',83)
,(1308,'Sumatera Selatan',83)
,(1309,'Sumatera Utara',83)
,(1310,'Yogyakarta',83)
,(1311,'Ardabil',84)
,(1312,'Azarbayjan-e Gharbi',84)
,(1313,'Azarbayjan-e Sharqi',84)
,(1314,'Bushehr',84)
,(1315,'Chahar Mahall va Bakhtiari',84)
,(1316,'Esfahan',84)
,(1317,'Fars',84)
,(1318,'Gilan',84)
,(1319,'Golestan',84)
,(1320,'Hamadan',84)
,(1321,'Hormozgan',84)
,(1322,'Ilam',84)
,(1323,'Kerman',84)
,(1324,'Kermanshah',84)
,(1325,'Khorasan-e Janubi',84)
,(1326,'Khorasan-e Razavi',84)
,(1327,'Khorasan-e Shemali',84)
,(1328,'Khuzestan',84)
,(1329,'Kohgiluyeh va Buyer Ahmad',84)
,(1330,'Kordestan',84)
,(1331,'Lorestan',84)
,(1332,'Markazi',84)
,(1333,'Mazandaran',84)
,(1334,'Qazvin',84)
,(1335,'Qom',84)
,(1336,'Semnan',84)
,(1337,'Sistan va Baluchestan',84)
,(1338,'Tehran',84)
,(1339,'Yazd',84)
,(1340,'Zanjan',84)
,(1341,'Al Anbar',85)
,(1342,'Al Basrah',85)
,(1343,'Al Muthanna',85)
,(1344,'Al Qadisiyah',85)
,(1345,'An Najaf',85)
,(1346,'Arbil',85)
,(1347,'As Sulaymaniyah',85)
,(1348,'At Ta''mim',85)
,(1349,'Babil',85)
,(1350,'Baghdad',85)
,(1351,'Dahuk',85)
,(1352,'Dhi Qar',85)
,(1353,'Diyala',85)
,(1354,'Karbala',85)
,(1355,'Maysan',85)
,(1356,'Ninawa',85)
,(1357,'Salah ad Din',85)
,(1358,'Wasit',85)
,(1359,'Carlow',86)
,(1360,'Cavan',86)
,(1361,'Clare',86)
,(1362,'Cork',86)
,(1363,'Donegal',86)
,(1364,'Dublin',86)
,(1365,'Galway',86)
,(1366,'Kerry',86)
,(1367,'Kildare',86)
,(1368,'Kilkenny',86)
,(1369,'Laois',86)
,(1370,'Leitrim',86)
,(1371,'Limerick',86)
,(1372,'Longford',86)
,(1373,'Louth',86)
,(1374,'Mayo',86)
,(1375,'Meath',86)
,(1376,'Monaghan',86)
,(1377,'Offaly',86)
,(1378,'Roscommon',86)
,(1379,'Sligo',86)
,(1380,'Tipperary',86)
,(1381,'Waterford',86)
,(1382,'Westmeath',86)
,(1383,'Wexford',86)
,(1384,'Wicklow',86)
,(1385,'Central',87)
,(1386,'Haifa',87)
,(1387,'Jerusalem',87)
,(1388,'Northern',87)
,(1389,'Southern',87)
,(1390,'Tel Aviv',87)
,(1391,'Abruzzo',88)
,(1392,'Basilicata',88)
,(1393,'Calabria',88)
,(1394,'Campania',88)
,(1395,'Emilia-Romagna',88)
,(1396,'Friuli-Venezia Giulia',88)
,(1397,'Lazio',88)
,(1398,'Liguria',88)
,(1399,'Lombardia',88)
,(1400,'Marche',88)
,(1401,'Molise',88)
,(1402,'Piemonte',88)
,(1403,'Puglia',88)
,(1404,'Sardegna',88)
,(1405,'Sicilia',88)
,(1406,'Toscana',88)
,(1407,'Trentino-Alto Adige',88)
,(1408,'Umbria',88)
,(1409,'Valle d''Aosta',88)
,(1410,'Veneto',88)
,(1411,'Clarendon',89)
,(1412,'Hanover',89)
,(1413,'Kingston',89)
,(1414,'Manchester',89)
,(1415,'Portland',89)
,(1416,'Saint Andrew',89)
,(1417,'Saint Ann',89)
,(1418,'Saint Catherine',89)
,(1419,'Saint Elizabeth',89)
,(1420,'Saint James',89)
,(1421,'Saint Mary',89)
,(1422,'Saint Thomas',89)
,(1423,'Trelawny',89)
,(1424,'Westmoreland',89)
,(1425,'Aichi',90)
,(1426,'Akita',90)
,(1427,'Aomori',90)
,(1428,'Chiba',90)
,(1429,'Ehime',90)
,(1430,'Fukui',90)
,(1431,'Fukuoka',90)
,(1432,'Fukushima',90)
,(1433,'Gifu',90)
,(1434,'Gumma',90)
,(1435,'Hiroshima',90)
,(1436,'Hokkaido',90)
,(1437,'Hyogo',90)
,(1438,'Ibaraki',90)
,(1439,'Ishikawa',90)
,(1440,'Iwate',90)
,(1441,'Kagawa',90)
,(1442,'Kagoshima',90)
,(1443,'Kanagawa',90)
,(1444,'Kochi',90)
,(1445,'Kumamoto',90)
,(1446,'Kyoto',90)
,(1447,'Mie',90)
,(1448,'Miyagi',90)
,(1449,'Miyazaki',90)
,(1450,'Nagano',90)
,(1451,'Nagasaki',90)
,(1452,'Nara',90)
,(1453,'Niigata',90)
,(1454,'Oita',90)
,(1455,'Okayama',90)
,(1456,'Okinawa',90)
,(1457,'Osaka',90)
,(1458,'Saga',90)
,(1459,'Saitama',90)
,(1460,'Shiga',90)
,(1461,'Shimane',90)
,(1462,'Shizuoka',90)
,(1463,'Tochigi',90)
,(1464,'Tokushima',90)
,(1465,'Tokyo',90)
,(1466,'Tottori',90)
,(1467,'Toyama',90)
,(1468,'Wakayama',90)
,(1469,'Yamagata',90)
,(1470,'Yamaguchi',90)
,(1471,'Yamanashi',90)
,(1472,'Ajlun',91)
,(1473,'Al ''Aqabah',91)
,(1474,'Al Balqa',91)
,(1475,'Al Karak',91)
,(1476,'Al Mafraq',91)
,(1477,'Amman',91)
,(1478,'At Tafilah',91)
,(1479,'Az Zarqa',91)
,(1480,'Irbid',91)
,(1481,'Jarash',91)
,(1482,'Ma''an',91)
,(1483,'Madaba',91)
,(1484,'Almaty Oblysy',92)
,(1485,'Almaty Qalasy',92)
,(1486,'Aqmola Oblysy',92)
,(1487,'Aqtobe Oblysy',92)
,(1488,'Astana Qalasy',92)
,(1489,'Atyrau Oblysy',92)
,(1490,'Batys Qazaqstan Oblysy',92)
,(1491,'Bayqongyr Qalasy',92)
,(1492,'Mangghystau Oblysy',92)
,(1493,'Ongtustik Qazaqstan Oblysy',92)
,(1494,'Pavlodar Oblysy',92)
,(1495,'Qaraghandy Oblysy',92)
,(1496,'Qostanay Oblysy',92)
,(1497,'Qyzylorda Oblysy',92)
,(1498,'Shyghys Qazaqstan Oblysy',92)
,(1499,'Soltustik Qazaqstan Oblysy',92)
,(1500,'Zhambyl Oblysy',92)
,(1501,'Central',93)
,(1502,'Coast',93)
,(1503,'Eastern',93)
,(1504,'Nairobi Area',93)
,(1505,'North Eastern',93)
,(1506,'Nyanza',93)
,(1507,'Rift Valley',93)
,(1508,'Western',93)
,(1509,'Chagang',95)
,(1510,'North Hamgyong',95)
,(1511,'South Hamgyong',95)
,(1512,'North Hwanghae',95)
,(1513,'South Hwanghae',95)
,(1514,'Kangwon',95)
,(1515,'North P''yongan',95)
,(1516,'South P''yongan',95)
,(1517,'Yanggang',95)
,(1518,'Kaesong',95)
,(1519,'Najin',95)
,(1520,'Namp''o',95)
,(1521,'Pyongyang',95)
,(1522,'Seoul',96)
,(1523,'Busan City',96)
,(1524,'Daegu City',96)
,(1525,'Incheon City',96)
,(1526,'Gwangju City',96)
,(1527,'Daejeon City',96)
,(1528,'Ulsan',96)
,(1529,'Gyeonggi Province',96)
,(1530,'Gangwon Province',96)
,(1531,'North Chungcheong Province',96)
,(1532,'South Chungcheong Province',96)
,(1533,'North Jeolla Province',96)
,(1534,'South Jeolla Province',96)
,(1535,'North Gyeongsang Province',96)
,(1536,'South Gyeongsang Province',96)
,(1537,'Jeju',96)
,(1538,'Al Ahmadi',97)
,(1539,'Al Farwaniyah',97)
,(1540,'Al Asimah',97)
,(1541,'Al Jahra',97)
,(1542,'Hawalli',97)
,(1543,'Mubarak Al-Kabeer',97)
,(1544,'Batken Oblasty',98)
,(1545,'Bishkek Shaary',98)
,(1546,'Chuy Oblasty',98)
,(1547,'Jalal-Abad Oblasty',98)
,(1548,'Naryn Oblasty',98)
,(1549,'Osh Oblasty',98)
,(1550,'Talas Oblasty',98)
,(1551,'Ysyk-Kol Oblasty',98)
,(1552,'Attapu',99)
,(1553,'Bokeo',99)
,(1554,'Bolikhamxai',99)
,(1555,'Champasak',99)
,(1556,'Houaphan',99)
,(1557,'Khammouan',99)
,(1558,'Louangnamtha',99)
,(1559,'Louangphrabang',99)
,(1560,'Oudomxai',99)
,(1561,'Phongsali',99)
,(1562,'Salavan',99)
,(1563,'Savannakhet',99)
,(1564,'Viangchan',99)
,(1565,'Viangchan',99)
,(1566,'Xaignabouli',99)
,(1567,'Xaisomboun',99)
,(1568,'Xekong',99)
,(1569,'Xiangkhoang',99)
,(1570,'Aizkraukles Rajons',100)
,(1571,'Aluksnes Rajons',100)
,(1572,'Balvu Rajons',100)
,(1573,'Bauskas Rajons',100)
,(1574,'Cesu Rajons',100)
,(1575,'Daugavpils',100)
,(1576,'Daugavpils Rajons',100)
,(1577,'Dobeles Rajons',100)
,(1578,'Gulbenes Rajons',100)
,(1579,'Jekabpils Rajons',100)
,(1580,'Jelgava',100)
,(1581,'Jelgavas Rajons',100)
,(1582,'Jurmala',100)
,(1583,'Kraslavas Rajons',100)
,(1584,'Kuldigas Rajons',100)
,(1585,'Liepaja',100)
,(1586,'Liepajas Rajons',100)
,(1587,'Limbazu Rajons',100)
,(1588,'Ludzas Rajons',100)
,(1589,'Madonas Rajons',100)
,(1590,'Ogres Rajons',100)
,(1591,'Preilu Rajons',100)
,(1592,'Rezekne',100)
,(1593,'Rezeknes Rajons',100)
,(1594,'Riga',100)
,(1595,'Rigas Rajons',100)
,(1596,'Saldus Rajons',100)
,(1597,'Talsu Rajons',100)
,(1598,'Tukuma Rajons',100)
,(1599,'Valkas Rajons',100)
,(1600,'Valmieras Rajons',100)
,(1601,'Ventspils',100)
,(1602,'Ventspils Rajons',100)
,(1603,'Beyrouth',101)
,(1604,'Beqaa',101)
,(1605,'Liban-Nord',101)
,(1606,'Liban-Sud',101)
,(1607,'Mont-Liban',101)
,(1608,'Nabatiye',101)
,(1609,'Berea',102)
,(1610,'Butha-Buthe',102)
,(1611,'Leribe',102)
,(1612,'Mafeteng',102)
,(1613,'Maseru',102)
,(1614,'Mohale''s Hoek',102)
,(1615,'Mokhotlong',102)
,(1616,'Qacha''s Nek',102)
,(1617,'Quthing',102)
,(1618,'Thaba-Tseka',102)
,(1619,'Bomi',103)
,(1620,'Bong',103)
,(1621,'Gbarpolu',103)
,(1622,'Grand Bassa',103)
,(1623,'Grand Cape Mount',103)
,(1624,'Grand Gedeh',103)
,(1625,'Grand Kru',103)
,(1626,'Lofa',103)
,(1627,'Margibi',103)
,(1628,'Maryland',103)
,(1629,'Montserrado',103)
,(1630,'Nimba',103)
,(1631,'River Cess',103)
,(1632,'River Gee',103)
,(1633,'Sinoe',103)
,(1634,'Ajdabiya',104)
,(1635,'Al ''Aziziyah',104)
,(1636,'Al Fatih',104)
,(1637,'Al Jabal al Akhdar',104)
,(1638,'Al Jufrah',104)
,(1639,'Al Khums',104)
,(1640,'Al Kufrah',104)
,(1641,'An Nuqat al Khams',104)
,(1642,'Ash Shati',104)
,(1643,'Awbari',104)
,(1644,'Az Zawiyah',104)
,(1645,'Banghazi',104)
,(1646,'Darnah',104)
,(1647,'Ghadamis',104)
,(1648,'Gharyan',104)
,(1649,'Misratah',104)
,(1650,'Murzuq',104)
,(1651,'Sabha',104)
,(1652,'Sawfajjin',104)
,(1653,'Surt',104)
,(1654,'Tarabulus',104)
,(1655,'Tarhunah',104)
,(1656,'Tubruq',104)
,(1657,'Yafran',104)
,(1658,'Zlitan',104)
,(1659,'Balzers',105)
,(1660,'Eschen',105)
,(1661,'Gamprin',105)
,(1662,'Mauren',105)
,(1663,'Planken',105)
,(1664,'Ruggell',105)
,(1665,'Schaan',105)
,(1666,'Schellenberg',105)
,(1667,'Triesen',105)
,(1668,'Triesenberg',105)
,(1669,'Vaduz',105)
,(1670,'Alytaus',106)
,(1671,'Kauno',106)
,(1672,'Klaipedos',106)
,(1673,'Marijampoles',106)
,(1674,'Panevezio',106)
,(1675,'Siauliu',106)
,(1676,'Taurages',106)
,(1677,'Telsiu',106)
,(1678,'Utenos',106)
,(1679,'Vilniaus',106)
,(1680,'Diekirch',107)
,(1681,'Grevenmacher',107)
,(1682,'Luxembourg',107)
,(1683,'Aerodrom',108)
,(1684,'Aracinovo',108)
,(1685,'Berovo',108)
,(1686,'Bitola',108)
,(1687,'Bogdanci',108)
,(1688,'Bogovinje',108)
,(1689,'Bosilovo',108)
,(1690,'Brvenica',108)
,(1691,'Butel',108)
,(1692,'Cair',108)
,(1693,'Caska',108)
,(1694,'Centar',108)
,(1695,'Centar Zupa',108)
,(1696,'Cesinovo',108)
,(1697,'Cucer-Sandevo',108)
,(1698,'Debar',108)
,(1699,'Debartsa',108)
,(1700,'Delcevo',108)
,(1701,'Demir Hisar',108)
,(1702,'Demir Kapija',108)
,(1703,'Dojran',108)
,(1704,'Dolneni',108)
,(1705,'Drugovo',108)
,(1706,'Gazi Baba',108)
,(1707,'Gevgelija',108)
,(1708,'Gjorce Petrov',108)
,(1709,'Gostivar',108)
,(1710,'Gradsko',108)
,(1711,'Ilinden',108)
,(1712,'Jegunovce',108)
,(1713,'Karbinci',108)
,(1714,'Karpos',108)
,(1715,'Kavadarci',108)
,(1716,'Kicevo',108)
,(1717,'Kisela Voda',108)
,(1718,'Kocani',108)
,(1719,'Konce',108)
,(1720,'Kratovo',108)
,(1721,'Kriva Palanka',108)
,(1722,'Krivogastani',108)
,(1723,'Krusevo',108)
,(1724,'Kumanovo',108)
,(1725,'Lipkovo',108)
,(1726,'Lozovo',108)
,(1727,'Makedonska Kamenica',108)
,(1728,'Makedonski Brod',108)
,(1729,'Mavrovo i Rastusa',108)
,(1730,'Mogila',108)
,(1731,'Negotino',108)
,(1732,'Novaci',108)
,(1733,'Novo Selo',108)
,(1734,'Ohrid',108)
,(1735,'Oslomej',108)
,(1736,'Pehcevo',108)
,(1737,'Petrovec',108)
,(1738,'Plasnica',108)
,(1739,'Prilep',108)
,(1740,'Probistip',108)
,(1741,'Radovis',108)
,(1742,'Rankovce',108)
,(1743,'Resen',108)
,(1744,'Rosoman',108)
,(1745,'Saraj',108)
,(1746,'Skopje',108)
,(1747,'Sopiste',108)
,(1748,'Staro Nagoricane',108)
,(1749,'Stip',108)
,(1750,'Struga',108)
,(1751,'Strumica',108)
,(1752,'Studenicani',108)
,(1753,'Suto Orizari',108)
,(1754,'Sveti Nikole',108)
,(1755,'Tearce',108)
,(1756,'Tetovo',108)
,(1757,'Valandovo',108)
,(1758,'Vasilevo',108)
,(1759,'Veles',108)
,(1760,'Vevcani',108)
,(1761,'Vinica',108)
,(1762,'Vranestica',108)
,(1763,'Vrapciste',108)
,(1764,'Zajas',108)
,(1765,'Zelenikovo',108)
,(1766,'Zelino',108)
,(1767,'Zrnovci',108)
,(1768,'Antananarivo',109)
,(1769,'Antsiranana',109)
,(1770,'Fianarantsoa',109)
,(1771,'Mahajanga',109)
,(1772,'Toamasina',109)
,(1773,'Toliara',109)
,(1774,'Balaka',110)
,(1775,'Blantyre',110)
,(1776,'Chikwawa',110)
,(1777,'Chiradzulu',110)
,(1778,'Chitipa',110)
,(1779,'Dedza',110)
,(1780,'Dowa',110)
,(1781,'Karonga',110)
,(1782,'Kasungu',110)
,(1783,'Likoma',110)
,(1784,'Lilongwe',110)
,(1785,'Machinga',110)
,(1786,'Mangochi',110)
,(1787,'Mchinji',110)
,(1788,'Mulanje',110)
,(1789,'Mwanza',110)
,(1790,'Mzimba',110)
,(1791,'Ntcheu',110)
,(1792,'Nkhata Bay',110)
,(1793,'Nkhotakota',110)
,(1794,'Nsanje',110)
,(1795,'Ntchisi',110)
,(1796,'Phalombe',110)
,(1797,'Rumphi',110)
,(1798,'Salima',110)
,(1799,'Thyolo',110)
,(1800,'Zomba',110)
,(1801,'Johor',111)
,(1802,'Kedah',111)
,(1803,'Kelantan',111)
,(1804,'Kuala Lumpur',111)
,(1805,'Labuan',111)
,(1806,'Malacca',111)
,(1807,'Negeri Sembilan',111)
,(1808,'Pahang',111)
,(1809,'Perak',111)
,(1810,'Perlis',111)
,(1811,'Penang',111)
,(1812,'Sabah',111)
,(1813,'Sarawak',111)
,(1814,'Selangor',111)
,(1815,'Terengganu',111)
,(1816,'Alifu',112)
,(1817,'Baa',112)
,(1818,'Dhaalu',112)
,(1819,'Faafu',112)
,(1820,'Gaafu Alifu',112)
,(1821,'Gaafu Dhaalu',112)
,(1822,'Gnaviyani',112)
,(1823,'Haa Alifu',112)
,(1824,'Haa Dhaalu',112)
,(1825,'Kaafu',112)
,(1826,'Laamu',112)
,(1827,'Lhaviyani',112)
,(1828,'Maale',112)
,(1829,'Meemu',112)
,(1830,'Noonu',112)
,(1831,'Raa',112)
,(1832,'Seenu',112)
,(1833,'Shaviyani',112)
,(1834,'Thaa',112)
,(1835,'Vaavu',112)
,(1836,'Bamako (Capital)',113)
,(1837,'Gao',113)
,(1838,'Kayes',113)
,(1839,'Kidal',113)
,(1840,'Koulikoro',113)
,(1841,'Mopti',113)
,(1842,'Segou',113)
,(1843,'Sikasso',113)
,(1844,'Tombouctou',113)
,(1845,'Adrar',116)
,(1846,'Assaba',116)
,(1847,'Brakna',116)
,(1848,'Dakhlet Nouadhibou',116)
,(1849,'Gorgol',116)
,(1850,'Guidimaka',116)
,(1851,'Hodh Ech Chargui',116)
,(1852,'Hodh El Gharbi',116)
,(1853,'Inchiri',116)
,(1854,'Nouakchott',116)
,(1855,'Tagant',116)
,(1856,'Tiris Zemmour',116)
,(1857,'Trarza',116)
,(1858,'Agalega Islands',117)
,(1859,'Black River',117)
,(1860,'Cargados Carajos Shoals',117)
,(1861,'Flacq',117)
,(1862,'Grand Port',117)
,(1863,'Moka',117)
,(1864,'Pamplemousses',117)
,(1865,'Plaines Wilhems',117)
,(1866,'Port Louis',117)
,(1867,'Riviere du Rempart',117)
,(1868,'Rodrigues',117)
,(1869,'Savanne',117)
,(1870,'Aguascalientes',118)
,(1871,'Baja California',118)
,(1872,'Baja California Sur',118)
,(1873,'Campeche',118)
,(1874,'Chiapas',118)
,(1875,'Chihuahua',118)
,(1876,'Coahuila de Zaragoza',118)
,(1877,'Colima',118)
,(1878,'Distrito Federal',118)
,(1879,'Durango',118)
,(1880,'Guanajuato',118)
,(1881,'Guerrero',118)
,(1882,'Hidalgo',118)
,(1883,'Jalisco',118)
,(1884,'Mexico',118)
,(1885,'Michoacan de Ocampo',118)
,(1886,'Morelos',118)
,(1887,'Nayarit',118)
,(1888,'Nuevo Leon',118)
,(1889,'Oaxaca',118)
,(1890,'Puebla',118)
,(1891,'Queretaro de Arteaga',118)
,(1892,'Quintana Roo',118)
,(1893,'San Luis Potosi',118)
,(1894,'Sinaloa',118)
,(1895,'Sonora',118)
,(1896,'Tabasco',118)
,(1897,'Tamaulipas',118)
,(1898,'Tlaxcala',118)
,(1899,'Veracruz-Llave',118)
,(1900,'Yucatan',118)
,(1901,'Zacatecas',118)
,(1902,'Anenii Noi',120)
,(1903,'Basarabeasca',120)
,(1904,'Briceni',120)
,(1905,'Cahul',120)
,(1906,'Cantemir',120)
,(1907,'Calarasi',120)
,(1908,'Causeni',120)
,(1909,'Cimislia',120)
,(1910,'Criuleni',120)
,(1911,'Donduseni',120)
,(1912,'Drochia',120)
,(1913,'Dubasari',120)
,(1914,'Edinet',120)
,(1915,'Falesti',120)
,(1916,'Floresti',120)
,(1917,'Glodeni',120)
,(1918,'Hincesti',120)
,(1919,'Ialoveni',120)
,(1920,'Leova',120)
,(1921,'Nisporeni',120)
,(1922,'Ocnita',120)
,(1923,'Orhei',120)
,(1924,'Rezina',120)
,(1925,'Riscani',120)
,(1926,'Singerei',120)
,(1927,'Soldanesti',120)
,(1928,'Soroca',120)
,(1929,'Stefan-Voda',120)
,(1930,'Straseni',120)
,(1931,'Taraclia',120)
,(1932,'Telenesti',120)
,(1933,'Ungheni',120)
,(1934,'Balti',120)
,(1935,'Bender',120)
,(1936,'Chisinau',120)
,(1937,'Gagauzia',120)
,(1938,'Stinga Nistrului',120)
,(1939,'Arhangay',121)
,(1940,'Bayanhongor',121)
,(1941,'Bayan-Olgiy',121)
,(1942,'Bulgan',121)
,(1943,'Darhan Uul',121)
,(1944,'Dornod',121)
,(1945,'Dornogovi',121)
,(1946,'Dundgovi',121)
,(1947,'Dzavhan',121)
,(1948,'Govi-Altay',121)
,(1949,'Govi-Sumber',121)
,(1950,'Hentiy',121)
,(1951,'Hovd',121)
,(1952,'Hovsgol',121)
,(1953,'Omnogovi',121)
,(1954,'Orhon',121)
,(1955,'Ovorhangay',121)
,(1956,'Selenge',121)
,(1957,'Suhbaatar',121)
,(1958,'Tov',121)
,(1959,'Ulaanbaatar',121)
,(1960,'Uvs',121)
,(1961,'Agadir',122)
,(1962,'Al Hoceima',122)
,(1963,'Azilal',122)
,(1964,'Beni Mellal',122)
,(1965,'Ben Slimane',122)
,(1966,'Boulemane',122)
,(1967,'Casablanca',122)
,(1968,'Chaouen',122)
,(1969,'El Jadida',122)
,(1970,'El Kelaa des Sraghna',122)
,(1971,'Er Rachidia',122)
,(1972,'Essaouira',122)
,(1973,'Fes',122)
,(1974,'Figuig',122)
,(1975,'Guelmim',122)
,(1976,'Ifrane',122)
,(1977,'Kenitra',122)
,(1978,'Khemisset',122)
,(1979,'Khenifra',122)
,(1980,'Khouribga',122)
,(1981,'Laayoune',122)
,(1982,'Larache',122)
,(1983,'Marrakech',122)
,(1984,'Meknes',122)
,(1985,'Nador',122)
,(1986,'Ouarzazate',122)
,(1987,'Oujda',122)
,(1988,'Rabat-Sale',122)
,(1989,'Safi',122)
,(1990,'Settat',122)
,(1991,'Sidi Kacem',122)
,(1992,'Tangier',122)
,(1993,'Tan-Tan',122)
,(1994,'Taounate',122)
,(1995,'Taroudannt',122)
,(1996,'Tata',122)
,(1997,'Taza',122)
,(1998,'Tetouan',122)
,(1999,'Tiznit',122)
,(2000,'Cabo Delgado',124)
,(2001,'Gaza',124)
,(2002,'Inhambane',124)
,(2003,'Manica',124)
,(2004,'Maputo',124)
,(2005,'Cidade de Maputo',124)
,(2006,'Nampula',124)
,(2007,'Niassa',124)
,(2008,'Sofala',124)
,(2009,'Tete',124)
,(2010,'Zambezia',124)
,(2011,'Caprivi',125)
,(2012,'Erongo',125)
,(2013,'Hardap',125)
,(2014,'Karas',125)
,(2015,'Khomas',125)
,(2016,'Kunene',125)
,(2017,'Ohangwena',125)
,(2018,'Okavango',125)
,(2019,'Omaheke',125)
,(2020,'Omusati',125)
,(2021,'Oshana',125)
,(2022,'Oshikoto',125)
,(2023,'Otjozondjupa',125)
,(2024,'Bagmati',127)
,(2025,'Bheri',127)
,(2026,'Dhawalagiri',127)
,(2027,'Gandaki',127)
,(2028,'Janakpur',127)
,(2029,'Karnali',127)
,(2030,'Kosi',127)
,(2031,'Lumbini',127)
,(2032,'Mahakali',127)
,(2033,'Mechi',127)
,(2034,'Narayani',127)
,(2035,'Rapti',127)
,(2036,'Sagarmatha',127)
,(2037,'Seti',127)
,(2038,'Drenthe',128)
,(2039,'Flevoland',128)
,(2040,'Friesland',128)
,(2041,'Gelderland',128)
,(2042,'Groningen',128)
,(2043,'Limburg',128)
,(2044,'Noord-Brabant',128)
,(2045,'Noord-Holland',128)
,(2046,'Overijssel',128)
,(2047,'Utrecht',128)
,(2048,'Zeeland',128)
,(2049,'Zuid-Holland',128)
,(2050,'Auckland',129)
,(2051,'Bay of Plenty',129)
,(2052,'Canterbury',129)
,(2053,'Chatham Islands',129)
,(2054,'Gisborne',129)
,(2055,'Hawke''s Bay',129)
,(2056,'Manawatu-Wanganui',129)
,(2057,'Marlborough',129)
,(2058,'Nelson',129)
,(2059,'Northland',129)
,(2060,'Otago',129)
,(2061,'Southland',129)
,(2062,'Taranaki',129)
,(2063,'Tasman',129)
,(2064,'Waikato',129)
,(2065,'Wellington',129)
,(2066,'West Coast',129)
,(2067,'Atlantico Norte',130)
,(2068,'Atlantico Sur',130)
,(2069,'Boaco',130)
,(2070,'Carazo',130)
,(2071,'Chinandega',130)
,(2072,'Chontales',130)
,(2073,'Esteli',130)
,(2074,'Granada',130)
,(2075,'Jinotega',130)
,(2076,'Leon',130)
,(2077,'Madriz',130)
,(2078,'Managua',130)
,(2079,'Masaya',130)
,(2080,'Matagalpa',130)
,(2081,'Nueva Segovia',130)
,(2082,'Rio San Juan',130)
,(2083,'Rivas',130)
,(2084,'Agadez',131)
,(2085,'Diffa',131)
,(2086,'Dosso',131)
,(2087,'Maradi',131)
,(2088,'Niamey',131)
,(2089,'Tahoua',131)
,(2090,'Tillaberi',131)
,(2091,'Zinder',131)
,(2092,'Abia',132)
,(2093,'Abuja Federal Capital',132)
,(2094,'Adamawa',132)
,(2095,'Akwa Ibom',132)
,(2096,'Anambra',132)
,(2097,'Bauchi',132)
,(2098,'Bayelsa',132)
,(2099,'Benue',132)
,(2100,'Borno',132)
,(2101,'Cross River',132)
,(2102,'Delta',132)
,(2103,'Ebonyi',132)
,(2104,'Edo',132)
,(2105,'Ekiti',132)
,(2106,'Enugu',132)
,(2107,'Gombe',132)
,(2108,'Imo',132)
,(2109,'Jigawa',132)
,(2110,'Kaduna',132)
,(2111,'Kano',132)
,(2112,'Katsina',132)
,(2113,'Kebbi',132)
,(2114,'Kogi',132)
,(2115,'Kwara',132)
,(2116,'Lagos',132)
,(2117,'Nassarawa',132)
,(2118,'Niger',132)
,(2119,'Ogun',132)
,(2120,'Ondo',132)
,(2121,'Osun',132)
,(2122,'Oyo',132)
,(2123,'Plateau',132)
,(2124,'Rivers',132)
,(2125,'Sokoto',132)
,(2126,'Taraba',132)
,(2127,'Yobe',132)
,(2128,'Zamfara',132)
,(2129,'Akershus',133)
,(2130,'Aust-Agder',133)
,(2131,'Buskerud',133)
,(2132,'Finnmark',133)
,(2133,'Hedmark',133)
,(2134,'Hordaland',133)
,(2135,'More og Romsdal',133)
,(2136,'Nordland',133)
,(2137,'Nord-Trondelag',133)
,(2138,'Oppland',133)
,(2139,'Oslo',133)
,(2140,'Ostfold',133)
,(2141,'Rogaland',133)
,(2142,'Sogn og Fjordane',133)
,(2143,'Sor-Trondelag',133)
,(2144,'Telemark',133)
,(2145,'Troms',133)
,(2146,'Vest-Agder',133)
,(2147,'Vestfold',133)
,(2148,'Ad Dakhiliyah',134)
,(2149,'Al Batinah',134)
,(2150,'Al Wusta',134)
,(2151,'Ash Sharqiyah',134)
,(2152,'Az Zahirah',134)
,(2153,'Masqat',134)
,(2154,'Musandam',134)
,(2155,'Dhofar',134)
,(2156,'Balochistan',135)
,(2157,'North-West Frontier Province',135)
,(2158,'Punjab',135)
,(2159,'Sindh',135)
,(2160,'Islamabad Capital Territory',135)
,(2161,'Federally Administered Tribal Areas',135)
,(2162,'Bocas del Toro',136)
,(2163,'Chiriqui',136)
,(2164,'Cocle',136)
,(2165,'Colon',136)
,(2166,'Darien',136)
,(2167,'Herrera',136)
,(2168,'Los Santos',136)
,(2169,'Panama',136)
,(2170,'San Blas',136)
,(2171,'Veraguas',136)
,(2172,'Bougainville',137)
,(2173,'Central',137)
,(2174,'Chimbu',137)
,(2175,'Eastern Highlands',137)
,(2176,'East New Britain',137)
,(2177,'East Sepik',137)
,(2178,'Enga',137)
,(2179,'Gulf',137)
,(2180,'Madang',137)
,(2181,'Manus',137)
,(2182,'Milne Bay',137)
,(2183,'Morobe',137)
,(2184,'National Capital',137)
,(2185,'New Ireland',137)
,(2186,'Northern',137)
,(2187,'Sandaun',137)
,(2188,'Southern Highlands',137)
,(2189,'Western',137)
,(2190,'Western Highlands',137)
,(2191,'West New Britain',137)
,(2192,'Alto Paraguay',138)
,(2193,'Alto Parana',138)
,(2194,'Amambay',138)
,(2195,'Asuncion',138)
,(2196,'Boqueron',138)
,(2197,'Caaguazu',138)
,(2198,'Caazapa',138)
,(2199,'Canindeyu',138)
,(2200,'Central',138)
,(2201,'Concepcion',138)
,(2202,'Cordillera',138)
,(2203,'Guaira',138)
,(2204,'Itapua',138)
,(2205,'Misiones',138)
,(2206,'Neembucu',138)
,(2207,'Paraguari',138)
,(2208,'Presidente Hayes',138)
,(2209,'San Pedro',138)
,(2210,'Amazonas',139)
,(2211,'Ancash',139)
,(2212,'Apurimac',139)
,(2213,'Arequipa',139)
,(2214,'Ayacucho',139)
,(2215,'Cajamarca',139)
,(2216,'Callao',139)
,(2217,'Cusco',139)
,(2218,'Huancavelica',139)
,(2219,'Huanuco',139)
,(2220,'Ica',139)
,(2221,'Junin',139)
,(2222,'La Libertad',139)
,(2223,'Lambayeque',139)
,(2224,'Lima',139)
,(2225,'Loreto',139)
,(2226,'Madre de Dios',139)
,(2227,'Moquegua',139)
,(2228,'Pasco',139)
,(2229,'Piura',139)
,(2230,'Puno',139)
,(2231,'San Martin',139)
,(2232,'Tacna',139)
,(2233,'Tumbes',139)
,(2234,'Ucayali',139)
,(2235,'Abra',140)
,(2236,'Agusan del Norte',140)
,(2237,'Agusan del Sur',140)
,(2238,'Aklan',140)
,(2239,'Albay',140)
,(2240,'Antique',140)
,(2241,'Apayao',140)
,(2242,'Aurora',140)
,(2243,'Basilan',140)
,(2244,'Bataan',140)
,(2245,'Batanes',140)
,(2246,'Batangas',140)
,(2247,'Biliran',140)
,(2248,'Benguet',140)
,(2249,'Bohol',140)
,(2250,'Bukidnon',140)
,(2251,'Bulacan',140)
,(2252,'Cagayan',140)
,(2253,'Camarines Norte',140)
,(2254,'Camarines Sur',140)
,(2255,'Camiguin',140)
,(2256,'Capiz',140)
,(2257,'Catanduanes',140)
,(2258,'Cavite',140)
,(2259,'Cebu',140)
,(2260,'Compostela',140)
,(2261,'Davao del Norte',140)
,(2262,'Davao del Sur',140)
,(2263,'Davao Oriental',140)
,(2264,'Eastern Samar',140)
,(2265,'Guimaras',140)
,(2266,'Ifugao',140)
,(2267,'Ilocos Norte',140)
,(2268,'Ilocos Sur',140)
,(2269,'Iloilo',140)
,(2270,'Isabela',140)
,(2271,'Kalinga',140)
,(2272,'Laguna',140)
,(2273,'Lanao del Norte',140)
,(2274,'Lanao del Sur',140)
,(2275,'La Union',140)
,(2276,'Leyte',140)
,(2277,'Maguindanao',140)
,(2278,'Marinduque',140)
,(2279,'Masbate',140)
,(2280,'Mindoro Occidental',140)
,(2281,'Mindoro Oriental',140)
,(2282,'Misamis Occidental',140)
,(2283,'Misamis Oriental',140)
,(2284,'Mountain Province',140)
,(2285,'Negros Occidental',140)
,(2286,'Negros Oriental',140)
,(2287,'North Cotabato',140)
,(2288,'Northern Samar',140)
,(2289,'Nueva Ecija',140)
,(2290,'Nueva Vizcaya',140)
,(2291,'Palawan',140)
,(2292,'Pampanga',140)
,(2293,'Pangasinan',140)
,(2294,'Quezon',140)
,(2295,'Quirino',140)
,(2296,'Rizal',140)
,(2297,'Romblon',140)
,(2298,'Samar',140)
,(2299,'Sarangani',140)
,(2300,'Siquijor',140)
,(2301,'Sorsogon',140)
,(2302,'South Cotabato',140)
,(2303,'Southern Leyte',140)
,(2304,'Sultan Kudarat',140)
,(2305,'Sulu',140)
,(2306,'Surigao del Norte',140)
,(2307,'Surigao del Sur',140)
,(2308,'Tarlac',140)
,(2309,'Tawi-Tawi',140)
,(2310,'Zambales',140)
,(2311,'Zamboanga del Norte',140)
,(2312,'Zamboanga del Sur',140)
,(2313,'Zamboanga Sibugay',140)
,(2314,'Greater Poland (Wielkopolskie)',141)
,(2315,'Kuyavian-Pomeranian (Kujawsko-Pomorskie)',141)
,(2316,'Lesser Poland (Malopolskie)',141)
,(2317,'Lodz (Lodzkie)',141)
,(2318,'Lower Silesian (Dolnoslaskie)',141)
,(2319,'Lublin (Lubelskie)',141)
,(2320,'Lubusz (Lubuskie)',141)
,(2321,'Masovian (Mazowieckie)',141)
,(2322,'Opole (Opolskie)',141)
,(2323,'Podlasie (Podlaskie)',141)
,(2324,'Pomeranian (Pomorskie)',141)
,(2325,'Silesian (Slaskie)',141)
,(2326,'Subcarpathian (Podkarpackie)',141)
,(2327,'Swietokrzyskie (Swietokrzyskie)',141)
,(2328,'Warmian-Masurian (Warminsko-Mazurskie)',141)
,(2329,'West Pomeranian (Zachodniopomorskie)',141)
,(2330,'Aveiro',142)
,(2331,'Acores',142)
,(2332,'Beja',142)
,(2333,'Braga',142)
,(2334,'Braganca',142)
,(2335,'Castelo Branco',142)
,(2336,'Coimbra',142)
,(2337,'Evora',142)
,(2338,'Faro',142)
,(2339,'Guarda',142)
,(2340,'Leiria',142)
,(2341,'Lisboa',142)
,(2342,'Madeira',142)
,(2343,'Portalegre',142)
,(2344,'Porto',142)
,(2345,'Santarem',142)
,(2346,'Setubal',142)
,(2347,'Viana do Castelo',142)
,(2348,'Vila Real',142)
,(2349,'Viseu',142)
,(2350,'Ad Dawhah',143)
,(2351,'Al Ghuwayriyah',143)
,(2352,'Al Jumayliyah',143)
,(2353,'Al Khawr',143)
,(2354,'Al Wakrah',143)
,(2355,'Ar Rayyan',143)
,(2356,'Jarayan al Batinah',143)
,(2357,'Madinat ash Shamal',143)
,(2358,'Umm Sa''id',143)
,(2359,'Umm Salal',143)
,(2360,'Alba',144)
,(2361,'Arad',144)
,(2362,'Arges',144)
,(2363,'Bacau',144)
,(2364,'Bihor',144)
,(2365,'Bistrita-Nasaud',144)
,(2366,'Botosani',144)
,(2367,'Braila',144)
,(2368,'Brasov',144)
,(2369,'Bucuresti',144)
,(2370,'Buzau',144)
,(2371,'Calarasi',144)
,(2372,'Caras-Severin',144)
,(2373,'Cluj',144)
,(2374,'Constanta',144)
,(2375,'Covasna',144)
,(2376,'Dimbovita',144)
,(2377,'Dolj',144)
,(2378,'Galati',144)
,(2379,'Gorj',144)
,(2380,'Giurgiu',144)
,(2381,'Harghita',144)
,(2382,'Hunedoara',144)
,(2383,'Ialomita',144)
,(2384,'Iasi',144)
,(2385,'Ilfov',144)
,(2386,'Maramures',144)
,(2387,'Mehedinti',144)
,(2388,'Mures',144)
,(2389,'Neamt',144)
,(2390,'Olt',144)
,(2391,'Prahova',144)
,(2392,'Salaj',144)
,(2393,'Satu Mare',144)
,(2394,'Sibiu',144)
,(2395,'Suceava',144)
,(2396,'Teleorman',144)
,(2397,'Timis',144)
,(2398,'Tulcea',144)
,(2399,'Vaslui',144)
,(2400,'Vilcea',144)
,(2401,'Vrancea',144)
,(2402,'Amur',145)
,(2403,'Arkhangel''sk',145)
,(2404,'Astrakhan',145)
,(2405,'Belgorod',145)
,(2406,'Bryansk',145)
,(2407,'Chelyabinsk',145)
,(2408,'Chita',145)
,(2409,'Irkutsk',145)
,(2410,'Ivanovo',145)
,(2411,'Kaliningrad',145)
,(2412,'Kaluga',145)
,(2413,'Kamchatka',145)
,(2414,'Kemerovo',145)
,(2415,'Kirov',145)
,(2416,'Kostroma',145)
,(2417,'Kurgan',145)
,(2418,'Kursk',145)
,(2419,'Leningrad',145)
,(2420,'Lipetsk',145)
,(2421,'Magadan',145)
,(2422,'Moscow',145)
,(2423,'Murmansk',145)
,(2424,'Nizhniy Novgorod',145)
,(2425,'Novgorod',145)
,(2426,'Novosibirsk',145)
,(2427,'Omsk',145)
,(2428,'Orenburg',145)
,(2429,'Orel',145)
,(2430,'Penza',145)
,(2431,'Perm',145)
,(2432,'Pskov',145)
,(2433,'Rostov',145)
,(2434,'Ryazan',145)
,(2435,'Sakhalin',145)
,(2436,'Samara',145)
,(2437,'Saratov',145)
,(2438,'Smolensk',145)
,(2439,'Sverdlovsk',145)
,(2440,'Tambov',145)
,(2441,'Tomsk',145)
,(2442,'Tula',145)
,(2443,'Tver',145)
,(2444,'Tyumen',145)
,(2445,'Ul''yanovsk',145)
,(2446,'Vladimir',145)
,(2447,'Volgograd',145)
,(2448,'Vologda',145)
,(2449,'Voronezh',145)
,(2450,'Yaroslavl',145)
,(2451,'Adygeya',145)
,(2452,'Altay',145)
,(2453,'Bashkortostan',145)
,(2454,'Buryatiya',145)
,(2455,'Chechnya',145)
,(2456,'Chuvashiya',145)
,(2457,'Dagestan',145)
,(2458,'Ingushetiya',145)
,(2459,'Kabardino-Balkariya',145)
,(2460,'Kalmykiya',145)
,(2461,'Karachayevo-Cherkesiya',145)
,(2462,'Kareliya',145)
,(2463,'Khakasiya',145)
,(2464,'Komi',145)
,(2465,'Mariy-El',145)
,(2466,'Mordoviya',145)
,(2467,'Sakha',145)
,(2468,'North Ossetia',145)
,(2469,'Tatarstan',145)
,(2470,'Tyva',145)
,(2471,'Udmurtiya',145)
,(2472,'Aga Buryat',145)
,(2473,'Chukotka',145)
,(2474,'Evenk',145)
,(2475,'Khanty-Mansi',145)
,(2476,'Komi-Permyak',145)
,(2477,'Koryak',145)
,(2478,'Nenets',145)
,(2479,'Taymyr',145)
,(2480,'Ust''-Orda Buryat',145)
,(2481,'Yamalo-Nenets',145)
,(2482,'Altay',145)
,(2483,'Khabarovsk',145)
,(2484,'Krasnodar',145)
,(2485,'Krasnoyarsk',145)
,(2486,'Primorskiy',145)
,(2487,'Stavropol',145)
,(2488,'Moscow',145)
,(2489,'St. Petersburg',145)
,(2490,'Yevrey',145)
,(2491,'Butare',146)
,(2492,'Byumba',146)
,(2493,'Cyangugu',146)
,(2494,'Gikongoro',146)
,(2495,'Gisenyi',146)
,(2496,'Gitarama',146)
,(2497,'Kibungo',146)
,(2498,'Kibuye',146)
,(2499,'Kigali Rurale',146)
,(2500,'Kigali-ville',146)
,(2501,'Umutara',146)
,(2502,'Ruhengeri',146)
,(2503,'A''ana',147)
,(2504,'Aiga-i-le-Tai',147)
,(2505,'Atua',147)
,(2506,'Fa''asaleleaga',147)
,(2507,'Gaga''emauga',147)
,(2508,'Gagaifomauga',147)
,(2509,'Palauli',147)
,(2510,'Satupa''itea',147)
,(2511,'Tuamasaga',147)
,(2512,'Va''a-o-Fonoti',147)
,(2513,'Vaisigano',147)
,(2514,'Acquaviva',148)
,(2515,'Borgo Maggiore',148)
,(2516,'Chiesanuova',148)
,(2517,'Domagnano',148)
,(2518,'Faetano',148)
,(2519,'Fiorentino',148)
,(2520,'Montegiardino',148)
,(2521,'San Marino Citta',148)
,(2522,'Serravalle',148)
,(2523,'Al Bahah',150)
,(2524,'Al Hudud ash Shamaliyah',150)
,(2525,'Al Jawf',150)
,(2526,'Al Madinah',150)
,(2527,'Al Qasim',150)
,(2528,'Ar Riyad',150)
,(2529,'Ash Sharqiyah',150)
,(2530,'Asir',150)
,(2531,'Ha''il',150)
,(2532,'Jizan',150)
,(2533,'Makkah',150)
,(2534,'Najran',150)
,(2535,'Tabuk',150)
,(2536,'Dakar',151)
,(2537,'Diourbel',151)
,(2538,'Fatick',151)
,(2539,'Kaolack',151)
,(2540,'Kolda',151)
,(2541,'Louga',151)
,(2542,'Matam',151)
,(2543,'Saint-Louis',151)
,(2544,'Tambacounda',151)
,(2545,'Thies',151)
,(2546,'Ziguinchor',151)
,(2547,'Kosovo',152)
,(2548,'Montenegro',152)
,(2549,'Serbia',152)
,(2550,'Vojvodina',152)
,(2551,'Anse aux Pins',153)
,(2552,'Anse Boileau',153)
,(2553,'Anse Etoile',153)
,(2554,'Anse Louis',153)
,(2555,'Anse Royale',153)
,(2556,'Baie Lazare',153)
,(2557,'Baie Sainte Anne',153)
,(2558,'Beau Vallon',153)
,(2559,'Bel Air',153)
,(2560,'Bel Ombre',153)
,(2561,'Cascade',153)
,(2562,'Glacis',153)
,(2563,'Grand'' Anse',153)
,(2564,'Grand'' Anse',153)
,(2565,'La Digue',153)
,(2566,'La Riviere Anglaise',153)
,(2567,'Mont Buxton',153)
,(2568,'Mont Fleuri',153)
,(2569,'Plaisance',153)
,(2570,'Pointe La Rue',153)
,(2571,'Port Glaud',153)
,(2572,'Saint Louis',153)
,(2573,'Takamaka',153)
,(2574,'Banskobystricky',156)
,(2575,'Bratislavsky',156)
,(2576,'Kosicky',156)
,(2577,'Nitriansky',156)
,(2578,'Presovsky',156)
,(2579,'Trenciansky',156)
,(2580,'Trnavsky',156)
,(2581,'Zilinsky',156)
,(2582,'Ajdovscina',157)
,(2583,'Beltinci',157)
,(2584,'Benedikt',157)
,(2585,'Bistrica ob Sotli',157)
,(2586,'Bled',157)
,(2587,'Bloke',157)
,(2588,'Bohinj',157)
,(2589,'Borovnica',157)
,(2590,'Bovec',157)
,(2591,'Braslovce',157)
,(2592,'Brda',157)
,(2593,'Brezice',157)
,(2594,'Brezovica',157)
,(2595,'Cankova',157)
,(2596,'Celje',157)
,(2597,'Cerklje na Gorenjskem',157)
,(2598,'Cerknica',157)
,(2599,'Cerkno',157)
,(2600,'Cerkvenjak',157)
,(2601,'Crensovci',157)
,(2602,'Crna na Koroskem',157)
,(2603,'Crnomelj',157)
,(2604,'Destrnik',157)
,(2605,'Divaca',157)
,(2606,'Dobje',157)
,(2607,'Dobrepolje',157)
,(2608,'Dobrna',157)
,(2609,'Dobrova-Horjul-Polhov Gradec',157)
,(2610,'Dobrovnik-Dobronak',157)
,(2611,'Dolenjske Toplice',157)
,(2612,'Dol pri Ljubljani',157)
,(2613,'Domzale',157)
,(2614,'Dornava',157)
,(2615,'Dravograd',157)
,(2616,'Duplek',157)
,(2617,'Gorenja Vas-Poljane',157)
,(2618,'Gorisnica',157)
,(2619,'Gornja Radgona',157)
,(2620,'Gornji Grad',157)
,(2621,'Gornji Petrovci',157)
,(2622,'Grad',157)
,(2623,'Grosuplje',157)
,(2624,'Hajdina',157)
,(2625,'Hoce-Slivnica',157)
,(2626,'Hodos-Hodos',157)
,(2627,'Horjul',157)
,(2628,'Hrastnik',157)
,(2629,'Hrpelje-Kozina',157)
,(2630,'Idrija',157)
,(2631,'Ig',157)
,(2632,'Ilirska Bistrica',157)
,(2633,'Ivancna Gorica',157)
,(2634,'Izola-Isola',157)
,(2635,'Jesenice',157)
,(2636,'Jezersko',157)
,(2637,'Jursinci',157)
,(2638,'Kamnik',157)
,(2639,'Kanal',157)
,(2640,'Kidricevo',157)
,(2641,'Kobarid',157)
,(2642,'Kobilje',157)
,(2643,'Kocevje',157)
,(2644,'Komen',157)
,(2645,'Komenda',157)
,(2646,'Koper-Capodistria',157)
,(2647,'Kostel',157)
,(2648,'Kozje',157)
,(2649,'Kranj',157)
,(2650,'Kranjska Gora',157)
,(2651,'Krizevci',157)
,(2652,'Krsko',157)
,(2653,'Kungota',157)
,(2654,'Kuzma',157)
,(2655,'Lasko',157)
,(2656,'Lenart',157)
,(2657,'Lendava-Lendva',157)
,(2658,'Litija',157)
,(2659,'Ljubljana',157)
,(2660,'Ljubno',157)
,(2661,'Ljutomer',157)
,(2662,'Logatec',157)
,(2663,'Loska Dolina',157)
,(2664,'Loski Potok',157)
,(2665,'Lovrenc na Pohorju',157)
,(2666,'Luce',157)
,(2667,'Lukovica',157)
,(2668,'Majsperk',157)
,(2669,'Maribor',157)
,(2670,'Markovci',157)
,(2671,'Medvode',157)
,(2672,'Menges',157)
,(2673,'Metlika',157)
,(2674,'Mezica',157)
,(2675,'Miklavz na Dravskem Polju',157)
,(2676,'Miren-Kostanjevica',157)
,(2677,'Mirna Pec',157)
,(2678,'Mislinja',157)
,(2679,'Moravce',157)
,(2680,'Moravske Toplice',157)
,(2681,'Mozirje',157)
,(2682,'Murska Sobota',157)
,(2683,'Muta',157)
,(2684,'Naklo',157)
,(2685,'Nazarje',157)
,(2686,'Nova Gorica',157)
,(2687,'Novo Mesto',157)
,(2688,'Odranci',157)
,(2689,'Oplotnica',157)
,(2690,'Ormoz',157)
,(2691,'Osilnica',157)
,(2692,'Pesnica',157)
,(2693,'Piran-Pirano',157)
,(2694,'Pivka',157)
,(2695,'Podcetrtek',157)
,(2696,'Podlehnik',157)
,(2697,'Podvelka',157)
,(2698,'Polzela',157)
,(2699,'Postojna',157)
,(2700,'Prebold',157)
,(2701,'Preddvor',157)
,(2702,'Prevalje',157)
,(2703,'Ptuj',157)
,(2704,'Puconci',157)
,(2705,'Race-Fram',157)
,(2706,'Radece',157)
,(2707,'Radenci',157)
,(2708,'Radlje ob Dravi',157)
,(2709,'Radovljica',157)
,(2710,'Ravne na Koroskem',157)
,(2711,'Razkrizje',157)
,(2712,'Ribnica',157)
,(2713,'Ribnica na Pohorju',157)
,(2714,'Rogasovci',157)
,(2715,'Rogaska Slatina',157)
,(2716,'Rogatec',157)
,(2717,'Ruse',157)
,(2718,'Salovci',157)
,(2719,'Selnica ob Dravi',157)
,(2720,'Semic',157)
,(2721,'Sempeter-Vrtojba',157)
,(2722,'Sencur',157)
,(2723,'Sentilj',157)
,(2724,'Sentjernej',157)
,(2725,'Sentjur pri Celju',157)
,(2726,'Sevnica',157)
,(2727,'Sezana',157)
,(2728,'Skocjan',157)
,(2729,'Skofja Loka',157)
,(2730,'Skofljica',157)
,(2731,'Slovenj Gradec',157)
,(2732,'Slovenska Bistrica',157)
,(2733,'Slovenske Konjice',157)
,(2734,'Smarje pri Jelsah',157)
,(2735,'Smartno ob Paki',157)
,(2736,'Smartno pri Litiji',157)
,(2737,'Sodrazica',157)
,(2738,'Solcava',157)
,(2739,'Sostanj',157)
,(2740,'Starse',157)
,(2741,'Store',157)
,(2742,'Sveta Ana',157)
,(2743,'Sveti Andraz v Slovenskih Goricah',157)
,(2744,'Sveti Jurij',157)
,(2745,'Tabor',157)
,(2746,'Tisina',157)
,(2747,'Tolmin',157)
,(2748,'Trbovlje',157)
,(2749,'Trebnje',157)
,(2750,'Trnovska Vas',157)
,(2751,'Trzic',157)
,(2752,'Trzin',157)
,(2753,'Turnisce',157)
,(2754,'Velenje',157)
,(2755,'Velika Polana',157)
,(2756,'Velike Lasce',157)
,(2757,'Verzej',157)
,(2758,'Videm',157)
,(2759,'Vipava',157)
,(2760,'Vitanje',157)
,(2761,'Vodice',157)
,(2762,'Vojnik',157)
,(2763,'Vransko',157)
,(2764,'Vrhnika',157)
,(2765,'Vuzenica',157)
,(2766,'Zagorje ob Savi',157)
,(2767,'Zalec',157)
,(2768,'Zavrc',157)
,(2769,'Zelezniki',157)
,(2770,'Zetale',157)
,(2771,'Ziri',157)
,(2772,'Zirovnica',157)
,(2773,'Zuzemberk',157)
,(2774,'Zrece',157)
,(2775,'Central',158)
,(2776,'Choiseul',158)
,(2777,'Guadalcanal',158)
,(2778,'Honiara',158)
,(2779,'Isabel',158)
,(2780,'Makira',158)
,(2781,'Malaita',158)
,(2782,'Rennell and Bellona',158)
,(2783,'Temotu',158)
,(2784,'Western',158)
,(2785,'Awdal',159)
,(2786,'Bakool',159)
,(2787,'Banaadir',159)
,(2788,'Bari',159)
,(2789,'Bay',159)
,(2790,'Galguduud',159)
,(2791,'Gedo',159)
,(2792,'Hiiraan',159)
,(2793,'Jubbada Dhexe',159)
,(2794,'Jubbada Hoose',159)
,(2795,'Mudug',159)
,(2796,'Nugaal',159)
,(2797,'Sanaag',159)
,(2798,'Shabeellaha Dhexe',159)
,(2799,'Shabeellaha Hoose',159)
,(2800,'Sool',159)
,(2801,'Togdheer',159)
,(2802,'Woqooyi Galbeed',159)
,(2803,'Eastern Cape',160)
,(2804,'Free State',160)
,(2805,'Gauteng',160)
,(2806,'KwaZulu-Natal',160)
,(2807,'Limpopo',160)
,(2808,'Mpumalanga',160)
,(2809,'North-West',160)
,(2810,'Northern Cape',160)
,(2811,'Western Cape',160)
,(2812,'Andalucia',161)
,(2813,'Aragon',161)
,(2814,'Asturias',161)
,(2815,'Baleares',161)
,(2816,'Ceuta',161)
,(2817,'Canarias',161)
,(2818,'Cantabria',161)
,(2819,'Castilla-La Mancha',161)
,(2820,'Castilla y Leon',161)
,(2821,'Cataluna',161)
,(2822,'Comunidad Valenciana',161)
,(2823,'Extremadura',161)
,(2824,'Galicia',161)
,(2825,'La Rioja',161)
,(2826,'Madrid',161)
,(2827,'Melilla',161)
,(2828,'Murcia',161)
,(2829,'Navarra',161)
,(2830,'Pais Vasco',161)
,(2831,'Central',162)
,(2832,'North Central',162)
,(2833,'North Eastern',162)
,(2834,'North Western',162)
,(2835,'Sabaragamuwa',162)
,(2836,'Southern',162)
,(2837,'Uva',162)
,(2838,'Western',162)
,(2839,'A''ali an Nil',163)
,(2840,'Al Bahr al Ahmar',163)
,(2841,'Al Buhayrat',163)
,(2842,'Al Jazirah',163)
,(2843,'Al Khartum',163)
,(2844,'Al Qadarif',163)
,(2845,'Al Wahdah',163)
,(2846,'An Nil al Abyad',163)
,(2847,'An Nil al Azraq',163)
,(2848,'Ash Shamaliyah',163)
,(2849,'Bahr al Jabal',163)
,(2850,'Gharb al Istiwa''iyah',163)
,(2851,'Gharb Bahr al Ghazal',163)
,(2852,'Gharb Darfur',163)
,(2853,'Gharb Kurdufan',163)
,(2854,'Janub Darfur',163)
,(2855,'Janub Kurdufan',163)
,(2856,'Junqali',163)
,(2857,'Kassala',163)
,(2858,'Nahr an Nil',163)
,(2859,'Shamal Bahr al Ghazal',163)
,(2860,'Shamal Darfur',163)
,(2861,'Shamal Kurdufan',163)
,(2862,'Sharq al Istiwa''iyah',163)
,(2863,'Sinnar',163)
,(2864,'Warab',163)
,(2865,'Brokopondo',164)
,(2866,'Commewijne',164)
,(2867,'Coronie',164)
,(2868,'Marowijne',164)
,(2869,'Nickerie',164)
,(2870,'Para',164)
,(2871,'Paramaribo',164)
,(2872,'Saramacca',164)
,(2873,'Sipaliwini',164)
,(2874,'Wanica',164)
,(2875,'Hhohho',165)
,(2876,'Lubombo',165)
,(2877,'Manzini',165)
,(2878,'Shiselweni',165)
,(2879,'Blekinge',166)
,(2880,'Dalarnas',166)
,(2881,'Gavleborgs',166)
,(2882,'Gotlands',166)
,(2883,'Hallands',166)
,(2884,'Jamtlands',166)
,(2885,'Jonkopings',166)
,(2886,'Kalmar',166)
,(2887,'Kronobergs',166)
,(2888,'Norrbottens',166)
,(2889,'Orebro',166)
,(2890,'Ostergotlands',166)
,(2891,'Skane',166)
,(2892,'Sodermanlands',166)
,(2893,'Stockholms',166)
,(2894,'Uppsala',166)
,(2895,'Varmlands',166)
,(2896,'Vasterbottens',166)
,(2897,'Vasternorrlands',166)
,(2898,'Vastmanlands',166)
,(2899,'Vastra Gotalands',166)
,(2900,'Aargau',167)
,(2901,'Appenzell Ausser-Rhoden',167)
,(2902,'Appenzell Inner-Rhoden',167)
,(2903,'Basel-Landschaft',167)
,(2904,'Basel-Stadt',167)
,(2905,'Bern',167)
,(2906,'Fribourg',167)
,(2907,'Geneve',167)
,(2908,'Glarus',167)
,(2909,'Graubunden',167)
,(2910,'Jura',167)
,(2911,'Luzern',167)
,(2912,'Neuchatel',167)
,(2913,'Nidwalden',167)
,(2914,'Obwalden',167)
,(2915,'Sankt Gallen',167)
,(2916,'Schaffhausen',167)
,(2917,'Schwyz',167)
,(2918,'Solothurn',167)
,(2919,'Thurgau',167)
,(2920,'Ticino',167)
,(2921,'Uri',167)
,(2922,'Valais',167)
,(2923,'Vaud',167)
,(2924,'Zug',167)
,(2925,'Zurich',167)
,(2926,'Al Hasakah',168)
,(2927,'Al Ladhiqiyah',168)
,(2928,'Al Qunaytirah',168)
,(2929,'Ar Raqqah',168)
,(2930,'As Suwayda',168)
,(2931,'Dar''a',168)
,(2932,'Dayr az Zawr',168)
,(2933,'Dimashq',168)
,(2934,'Halab',168)
,(2935,'Hamah',168)
,(2936,'Hims',168)
,(2937,'Idlib',168)
,(2938,'Rif Dimashq',168)
,(2939,'Tartus',168)
,(2940,'Chang-hua',169)
,(2941,'Chia-i',169)
,(2942,'Hsin-chu',169)
,(2943,'Hua-lien',169)
,(2944,'I-lan',169)
,(2945,'Kao-hsiung',169)
,(2946,'Kin-men',169)
,(2947,'Lien-chiang',169)
,(2948,'Miao-li',169)
,(2949,'Nan-t''ou',169)
,(2950,'P''eng-hu',169)
,(2951,'P''ing-tung',169)
,(2952,'T''ai-chung',169)
,(2953,'T''ai-nan',169)
,(2954,'T''ai-pei',169)
,(2955,'T''ai-tung',169)
,(2956,'T''ao-yuan',169)
,(2957,'Yun-lin',169)
,(2958,'Chia-i',169)
,(2959,'Chi-lung',169)
,(2960,'Hsin-chu',169)
,(2961,'T''ai-chung',169)
,(2962,'T''ai-nan',169)
,(2963,'Kao-hsiung city',169)
,(2964,'T''ai-pei city',169)
,(2965,'Arusha',171)
,(2966,'Dar es Salaam',171)
,(2967,'Dodoma',171)
,(2968,'Iringa',171)
,(2969,'Kagera',171)
,(2970,'Kigoma',171)
,(2971,'Kilimanjaro',171)
,(2972,'Lindi',171)
,(2973,'Manyara',171)
,(2974,'Mara',171)
,(2975,'Mbeya',171)
,(2976,'Morogoro',171)
,(2977,'Mtwara',171)
,(2978,'Mwanza',171)
,(2979,'Pemba North',171)
,(2980,'Pemba South',171)
,(2981,'Pwani',171)
,(2982,'Rukwa',171)
,(2983,'Ruvuma',171)
,(2984,'Shinyanga',171)
,(2985,'Singida',171)
,(2986,'Tabora',171)
,(2987,'Tanga',171)
,(2988,'Zanzibar Central/South',171)
,(2989,'Zanzibar North',171)
,(2990,'Zanzibar Urban/West',171)
,(2991,'Amnat Charoen',172)
,(2992,'Ang Thong',172)
,(2993,'Buriram',172)
,(2994,'Chachoengsao',172)
,(2995,'Chai Nat',172)
,(2996,'Chaiyaphum',172)
,(2997,'Chanthaburi',172)
,(2998,'Chiang Mai',172)
,(2999,'Chiang Rai',172)
,(3000,'Chon Buri',172)
,(3001,'Chumphon',172)
,(3002,'Kalasin',172)
,(3003,'Kamphaeng Phet',172)
,(3004,'Kanchanaburi',172)
,(3005,'Khon Kaen',172)
,(3006,'Krabi',172)
,(3007,'Krung Thep Mahanakhon',172)
,(3008,'Lampang',172)
,(3009,'Lamphun',172)
,(3010,'Loei',172)
,(3011,'Lop Buri',172)
,(3012,'Mae Hong Son',172)
,(3013,'Maha Sarakham',172)
,(3014,'Mukdahan',172)
,(3015,'Nakhon Nayok',172)
,(3016,'Nakhon Pathom',172)
,(3017,'Nakhon Phanom',172)
,(3018,'Nakhon Ratchasima',172)
,(3019,'Nakhon Sawan',172)
,(3020,'Nakhon Si Thammarat',172)
,(3021,'Nan',172)
,(3022,'Narathiwat',172)
,(3023,'Nong Bua Lamphu',172)
,(3024,'Nong Khai',172)
,(3025,'Nonthaburi',172)
,(3026,'Pathum Thani',172)
,(3027,'Pattani',172)
,(3028,'Phangnga',172)
,(3029,'Phatthalung',172)
,(3030,'Phayao',172)
,(3031,'Phetchabun',172)
,(3032,'Phetchaburi',172)
,(3033,'Phichit',172)
,(3034,'Phitsanulok',172)
,(3035,'Phra Nakhon Si Ayutthaya',172)
,(3036,'Phrae',172)
,(3037,'Phuket',172)
,(3038,'Prachin Buri',172)
,(3039,'Prachuap Khiri Khan',172)
,(3040,'Ranong',172)
,(3041,'Ratchaburi',172)
,(3042,'Rayong',172)
,(3043,'Roi Et',172)
,(3044,'Sa Kaeo',172)
,(3045,'Sakon Nakhon',172)
,(3046,'Samut Prakan',172)
,(3047,'Samut Sakhon',172)
,(3048,'Samut Songkhram',172)
,(3049,'Sara Buri',172)
,(3050,'Satun',172)
,(3051,'Sing Buri',172)
,(3052,'Sisaket',172)
,(3053,'Songkhla',172)
,(3054,'Sukhothai',172)
,(3055,'Suphan Buri',172)
,(3056,'Surat Thani',172)
,(3057,'Surin',172)
,(3058,'Tak',172)
,(3059,'Trang',172)
,(3060,'Trat',172)
,(3061,'Ubon Ratchathani',172)
,(3062,'Udon Thani',172)
,(3063,'Uthai Thani',172)
,(3064,'Uttaradit',172)
,(3065,'Yala',172)
,(3066,'Yasothon',172)
,(3067,'Kara',173)
,(3068,'Plateaux',173)
,(3069,'Savanes',173)
,(3070,'Centrale',173)
,(3071,'Maritime',173)
,(3072,'Couva',175)
,(3073,'Diego Martin',175)
,(3074,'Mayaro',175)
,(3075,'Penal',175)
,(3076,'Princes Town',175)
,(3077,'Sangre Grande',175)
,(3078,'San Juan',175)
,(3079,'Siparia',175)
,(3080,'Tunapuna',175)
,(3081,'Port-of-Spain',175)
,(3082,'San Fernando',175)
,(3083,'Arima',175)
,(3084,'Point Fortin',175)
,(3085,'Chaguanas',175)
,(3086,'Tobago',175)
,(3087,'Ariana (Aryanah)',176)
,(3088,'Beja (Bajah)',176)
,(3089,'Ben Arous (Bin ''Arus)',176)
,(3090,'Bizerte (Banzart)',176)
,(3091,'Gabes (Qabis)',176)
,(3092,'Gafsa (Qafsah)',176)
,(3093,'Jendouba (Jundubah)',176)
,(3094,'Kairouan (Al Qayrawan)',176)
,(3095,'Kasserine (Al Qasrayn)',176)
,(3096,'Kebili (Qibili)',176)
,(3097,'Kef (Al Kaf)',176)
,(3098,'Mahdia (Al Mahdiyah)',176)
,(3099,'Manouba (Manubah)',176)
,(3100,'Medenine (Madanin)',176)
,(3101,'Monastir (Al Munastir)',176)
,(3102,'Nabeul (Nabul)',176)
,(3103,'Sfax (Safaqis)',176)
,(3104,'Sidi Bou Zid (Sidi Bu Zayd)',176)
,(3105,'Siliana (Silyanah)',176)
,(3106,'Sousse (Susah)',176)
,(3107,'Tataouine (Tatawin)',176)
,(3108,'Tozeur (Tawzar)',176)
,(3109,'Tunis',176)
,(3110,'Zaghouan (Zaghwan)',176)
,(3111,'Adana',177)
,(3112,'Adiyaman',177)
,(3113,'Afyonkarahisar',177)
,(3114,'Agri',177)
,(3115,'Aksaray',177)
,(3116,'Amasya',177)
,(3117,'Ankara',177)
,(3118,'Antalya',177)
,(3119,'Ardahan',177)
,(3120,'Artvin',177)
,(3121,'Aydin',177)
,(3122,'Balikesir',177)
,(3123,'Bartin',177)
,(3124,'Batman',177)
,(3125,'Bayburt',177)
,(3126,'Bilecik',177)
,(3127,'Bingol',177)
,(3128,'Bitlis',177)
,(3129,'Bolu',177)
,(3130,'Burdur',177)
,(3131,'Bursa',177)
,(3132,'Canakkale',177)
,(3133,'Cankiri',177)
,(3134,'Corum',177)
,(3135,'Denizli',177)
,(3136,'Diyarbakir',177)
,(3137,'Duzce',177)
,(3138,'Edirne',177)
,(3139,'Elazig',177)
,(3140,'Erzincan',177)
,(3141,'Erzurum',177)
,(3142,'Eskisehir',177)
,(3143,'Gaziantep',177)
,(3144,'Giresun',177)
,(3145,'Gumushane',177)
,(3146,'Hakkari',177)
,(3147,'Hatay',177)
,(3148,'Igdir',177)
,(3149,'Isparta',177)
,(3150,'Istanbul',177)
,(3151,'Izmir',177)
,(3152,'Kahramanmaras',177)
,(3153,'Karabuk',177)
,(3154,'Karaman',177)
,(3155,'Kars',177)
,(3156,'Kastamonu',177)
,(3157,'Kayseri',177)
,(3158,'Kilis',177)
,(3159,'Kirikkale',177)
,(3160,'Kirklareli',177)
,(3161,'Kirsehir',177)
,(3162,'Kocaeli',177)
,(3163,'Konya',177)
,(3164,'Kutahya',177)
,(3165,'Malatya',177)
,(3166,'Manisa',177)
,(3167,'Mardin',177)
,(3168,'Mersin',177)
,(3169,'Mugla',177)
,(3170,'Mus',177)
,(3171,'Nevsehir',177)
,(3172,'Nigde',177)
,(3173,'Ordu',177)
,(3174,'Osmaniye',177)
,(3175,'Rize',177)
,(3176,'Sakarya',177)
,(3177,'Samsun',177)
,(3178,'Sanliurfa',177)
,(3179,'Siirt',177)
,(3180,'Sinop',177)
,(3181,'Sirnak',177)
,(3182,'Sivas',177)
,(3183,'Tekirdag',177)
,(3184,'Tokat',177)
,(3185,'Trabzon',177)
,(3186,'Tunceli',177)
,(3187,'Usak',177)
,(3188,'Van',177)
,(3189,'Yalova',177)
,(3190,'Yozgat',177)
,(3191,'Zonguldak',177)
,(3192,'Ahal Welayaty (Ashgabat)',178)
,(3193,'Balkan Welayaty (Balkanabat)',178)
,(3194,'Dashoguz Welayaty',178)
,(3195,'Lebap Welayaty (Turkmenabat)',178)
,(3196,'Mary Welayaty',178)
,(3197,'Adjumani',179)
,(3198,'Apac',179)
,(3199,'Arua',179)
,(3200,'Bugiri',179)
,(3201,'Bundibugyo',179)
,(3202,'Bushenyi',179)
,(3203,'Busia',179)
,(3204,'Gulu',179)
,(3205,'Hoima',179)
,(3206,'Iganga',179)
,(3207,'Jinja',179)
,(3208,'Kabale',179)
,(3209,'Kabarole',179)
,(3210,'Kaberamaido',179)
,(3211,'Kalangala',179)
,(3212,'Kampala',179)
,(3213,'Kamuli',179)
,(3214,'Kamwenge',179)
,(3215,'Kanungu',179)
,(3216,'Kapchorwa',179)
,(3217,'Kasese',179)
,(3218,'Katakwi',179)
,(3219,'Kayunga',179)
,(3220,'Kibale',179)
,(3221,'Kiboga',179)
,(3222,'Kisoro',179)
,(3223,'Kitgum',179)
,(3224,'Kotido',179)
,(3225,'Kumi',179)
,(3226,'Kyenjojo',179)
,(3227,'Lira',179)
,(3228,'Luwero',179)
,(3229,'Masaka',179)
,(3230,'Masindi',179)
,(3231,'Mayuge',179)
,(3232,'Mbale',179)
,(3233,'Mbarara',179)
,(3234,'Moroto',179)
,(3235,'Moyo',179)
,(3236,'Mpigi',179)
,(3237,'Mubende',179)
,(3238,'Mukono',179)
,(3239,'Nakapiripirit',179)
,(3240,'Nakasongola',179)
,(3241,'Nebbi',179)
,(3242,'Ntungamo',179)
,(3243,'Pader',179)
,(3244,'Pallisa',179)
,(3245,'Rakai',179)
,(3246,'Rukungiri',179)
,(3247,'Sembabule',179)
,(3248,'Sironko',179)
,(3249,'Soroti',179)
,(3250,'Tororo',179)
,(3251,'Wakiso',179)
,(3252,'Yumbe',179)
,(3253,'Cherkasy',180)
,(3254,'Chernihiv',180)
,(3255,'Chernivtsi',180)
,(3256,'Crimea',180)
,(3257,'Dnipropetrovs''k',180)
,(3258,'Donets''k',180)
,(3259,'Ivano-Frankivs''k',180)
,(3260,'Kharkiv',180)
,(3261,'Kherson',180)
,(3262,'Khmel''nyts''kyy',180)
,(3263,'Kirovohrad',180)
,(3264,'Kiev',180)
,(3265,'Kyyiv',180)
,(3266,'Luhans''k',180)
,(3267,'L''viv',180)
,(3268,'Mykolayiv',180)
,(3269,'Odesa',180)
,(3270,'Poltava',180)
,(3271,'Rivne',180)
,(3272,'Sevastopol',180)
,(3273,'Sumy',180)
,(3274,'Ternopil',180)
,(3275,'Vinnytsya',180)
,(3276,'Volyn',180)
,(3277,'Zakarpattya',180)
,(3278,'Zaporizhzhya',180)
,(3279,'Zhytomyr',180)
,(3280,'Abu Dhabi',181)
,(3281,'Ajman',181)
,(3282,'Al Fujayrah',181)
,(3283,'Sharjah',181)
,(3284,'Dubai',181)
,(3285,'Ra''s al Khaymah',181)
,(3286,'Umm al Qaywayn',181)
,(3287,'Alabama',183)
,(3288,'Alaska',183)
,(3289,'Arizona',183)
,(3290,'Arkansas',183)
,(3291,'California',183)
,(3292,'Colorado',183)
,(3293,'Connecticut',183)
,(3294,'Delaware',183)
,(3295,'District of Columbia',183)
,(3296,'Florida',183)
,(3297,'Georgia',183)
,(3298,'Hawaii',183)
,(3299,'Idaho',183)
,(3300,'Illinois',183)
,(3301,'Indiana',183)
,(3302,'Iowa',183)
,(3303,'Kansas',183)
,(3304,'Kentucky',183)
,(3305,'Louisiana',183)
,(3306,'Maine',183)
,(3307,'Maryland',183)
,(3308,'Massachusetts',183)
,(3309,'Michigan',183)
,(3310,'Minnesota',183)
,(3311,'Mississippi',183)
,(3312,'Missouri',183)
,(3313,'Montana',183)
,(3314,'Nebraska',183)
,(3315,'Nevada',183)
,(3316,'New Hampshire',183)
,(3317,'New Jersey',183)
,(3318,'New Mexico',183)
,(3319,'New York',183)
,(3320,'North Carolina',183)
,(3321,'North Dakota',183)
,(3322,'Ohio',183)
,(3323,'Oklahoma',183)
,(3324,'Oregon',183)
,(3325,'Pennsylvania',183)
,(3326,'Rhode Island',183)
,(3327,'South Carolina',183)
,(3328,'South Dakota',183)
,(3329,'Tennessee',183)
,(3330,'Texas',183)
,(3331,'Utah',183)
,(3332,'Vermont',183)
,(3333,'Virginia',183)
,(3334,'Washington',183)
,(3335,'West Virginia',183)
,(3336,'Wisconsin',183)
,(3337,'Wyoming',183)
,(3338,'Artigas',184)
,(3339,'Canelones',184)
,(3340,'Cerro Largo',184)
,(3341,'Colonia',184)
,(3342,'Durazno',184)
,(3343,'Flores',184)
,(3344,'Florida',184)
,(3345,'Lavalleja',184)
,(3346,'Maldonado',184)
,(3347,'Montevideo',184)
,(3348,'Paysandu',184)
,(3349,'Rio Negro',184)
,(3350,'Rivera',184)
,(3351,'Rocha',184)
,(3352,'Salto',184)
,(3353,'San Jose',184)
,(3354,'Soriano',184)
,(3355,'Tacuarembo',184)
,(3356,'Treinta y Tres',184)
,(3357,'Andijon Viloyati',185)
,(3358,'Buxoro Viloyati',185)
,(3359,'Farg''ona Viloyati',185)
,(3360,'Jizzax Viloyati',185)
,(3361,'Namangan Viloyati',185)
,(3362,'Navoiy Viloyati',185)
,(3363,'Qashqadaryo Viloyati',185)
,(3364,'Qaraqalpog''iston Respublikasi',185)
,(3365,'Samarqand Viloyati',185)
,(3366,'Sirdaryo Viloyati',185)
,(3367,'Surxondaryo Viloyati',185)
,(3368,'Toshkent Shahri',185)
,(3369,'Toshkent Viloyati',185)
,(3370,'Xorazm Viloyati',185)
,(3371,'Malampa',186)
,(3372,'Penama',186)
,(3373,'Sanma',186)
,(3374,'Shefa',186)
,(3375,'Tafea',186)
,(3376,'Torba',186)
,(3377,'Amazonas',187)
,(3378,'Anzoategui',187)
,(3379,'Apure',187)
,(3380,'Aragua',187)
,(3381,'Barinas',187)
,(3382,'Bolivar',187)
,(3383,'Carabobo',187)
,(3384,'Cojedes',187)
,(3385,'Delta Amacuro',187)
,(3386,'Dependencias Federales',187)
,(3387,'Distrito Federal',187)
,(3388,'Falcon',187)
,(3389,'Guarico',187)
,(3390,'Lara',187)
,(3391,'Merida',187)
,(3392,'Miranda',187)
,(3393,'Monagas',187)
,(3394,'Nueva Esparta',187)
,(3395,'Portuguesa',187)
,(3396,'Sucre',187)
,(3397,'Tachira',187)
,(3398,'Trujillo',187)
,(3399,'Vargas',187)
,(3400,'Yaracuy',187)
,(3401,'Zulia',187)
,(3402,'An Giang',188)
,(3403,'Bac Giang',188)
,(3404,'Bac Kan',188)
,(3405,'Bac Lieu',188)
,(3406,'Bac Ninh',188)
,(3407,'Ba Ria-Vung Tau',188)
,(3408,'Ben Tre',188)
,(3409,'Binh Dinh',188)
,(3410,'Binh Duong',188)
,(3411,'Binh Phuoc',188)
,(3412,'Binh Thuan',188)
,(3413,'Ca Mau',188)
,(3414,'Cao Bang',188)
,(3415,'Dac Lak',188)
,(3416,'Dac Nong',188)
,(3417,'Dien Bien',188)
,(3418,'Dong Nai',188)
,(3419,'Dong Thap',188)
,(3420,'Gia Lai',188)
,(3421,'Ha Giang',188)
,(3422,'Hai Duong',188)
,(3423,'Ha Nam',188)
,(3424,'Ha Tay',188)
,(3425,'Ha Tinh',188)
,(3426,'Hau Giang',188)
,(3427,'Hoa Binh',188)
,(3428,'Hung Yen',188)
,(3429,'Khanh Hoa',188)
,(3430,'Kien Giang',188)
,(3431,'Kon Tum',188)
,(3432,'Lai Chau',188)
,(3433,'Lam Dong',188)
,(3434,'Lang Son',188)
,(3435,'Lao Cai',188)
,(3436,'Long An',188)
,(3437,'Nam Dinh',188)
,(3438,'Nghe An',188)
,(3439,'Ninh Binh',188)
,(3440,'Ninh Thuan',188)
,(3441,'Phu Tho',188)
,(3442,'Phu Yen',188)
,(3443,'Quang Binh',188)
,(3444,'Quang Nam',188)
,(3445,'Quang Ngai',188)
,(3446,'Quang Ninh',188)
,(3447,'Quang Tri',188)
,(3448,'Soc Trang',188)
,(3449,'Son La',188)
,(3450,'Tay Ninh',188)
,(3451,'Thai Binh',188)
,(3452,'Thai Nguyen',188)
,(3453,'Thanh Hoa',188)
,(3454,'Thua Thien-Hue',188)
,(3455,'Tien Giang',188)
,(3456,'Tra Vinh',188)
,(3457,'Tuyen Quang',188)
,(3458,'Vinh Long',188)
,(3459,'Vinh Phuc',188)
,(3460,'Yen Bai',188)
,(3461,'Can Tho',188)
,(3462,'Da Nang',188)
,(3463,'Hai Phong',188)
,(3464,'Hanoi',188)
,(3465,'Ho Chi Minh',188)
,(3466,'Abyan',189)
,(3467,'Adan',189)
,(3468,'Ad Dali',189)
,(3469,'Al Bayda',189)
,(3470,'Al Hudaydah',189)
,(3471,'Al Jawf',189)
,(3472,'Al Mahrah',189)
,(3473,'Al Mahwit',189)
,(3474,'Amran',189)
,(3475,'Dhamar',189)
,(3476,'Hadramawt',189)
,(3477,'Hajjah',189)
,(3478,'Ibb',189)
,(3479,'Lahij',189)
,(3480,'Ma''rib',189)
,(3481,'Sa''dah',189)
,(3482,'San''a',189)
,(3483,'Shabwah',189)
,(3484,'Ta''izz',189)
,(3485,'Central',190)
,(3486,'Copperbelt',190)
,(3487,'Eastern',190)
,(3488,'Luapula',190)
,(3489,'Lusaka',190)
,(3490,'Northern',190)
,(3491,'North-Western',190)
,(3492,'Southern',190)
,(3493,'Western',190)
,(3494,'Bulawayo',191)
,(3495,'Harare',191)
,(3496,'Manicaland',191)
,(3497,'Mashonaland Central',191)
,(3498,'Mashonaland East',191)
,(3499,'Mashonaland West',191)
,(3500,'Masvingo',191)
,(3501,'Matabeleland North',191)
,(3502,'Matabeleland South',191)
,(3503,'Midlands',191);

insert into tblcity (pkid, txtname, fkstateid) VALUES  
(1,'Elad',1385)
,(2,'Hod HaSharon',1385)
,(3,'Kfar Sava',1385)
,(4,'Lod',1385)
,(5,'Modiin',1385)
,(6,'Nes Ziona',1385)
,(7,'Netanya',1385)
,(8,'Petah Tikva',1385)
,(9,'Qalansawe',1385)
,(10,'Raanana',1385)
,(11,'Ramla',1385)
,(12,'Rehovot',1385)
,(13,'Rishon Lezion',1385)
,(14,'Rosh Ha''ayin'::character varying,1385)
,(15,'Taibeh',1385)
,(16,'Tira',1385)
,(17,'Yavne',1385)
,(18,'Yehud-Monosson',1385)
,(19,'Baqa al-Gharbiyye',1386)
,(20,'Hadera',1386)
,(21,'Haifa',1386)
,(22,'Harish',1386)
,(23,'Kiryat Ata',1386)
,(24,'Kiryat Bialik',1386)
,(25,'Kiryat Motzkin',1386)
,(26,'Kiryat Yam',1386)
,(27,'Nesher',1386)
,(28,'Or Akiva',1386)
,(29,'Tirat Carmel',1386)
,(30,'Umm al-Fahm',1386)
,(31,'Beit Shemesh',1387)
,(32,'Jerusalem',1387)
,(33,'Afula',1388)
,(34,'Akko',1388)
,(35,'Beit Shean',1388)
,(36,'Karmiel',1388)
,(37,'Kiryat Shemone',1388)
,(38,'Maalot Tarshiha',1388)
,(39,'Migdal HaEmek',1388)
,(40,'Nahariya',1388)
,(41,'Nazareth',1388)
,(42,'Nof Hagalil',1388)
,(43,'Sakhnin',1388)
,(44,'Shefaram',1388)
,(45,'Tamra',1388)
,(46,'Tiberias',1388)
,(47,'Tsfat (Safed)',1388)
,(48,'Yokneam',1388)
,(49,'Arad',1389)
,(50,'Ashdod',1389)
,(51,'Ashkelon',1389)
,(52,'Beer Sheva',1389)
,(53,'Dimona',1389)
,(54,'Eilat',1389)
,(55,'Kiryat Gat',1389)
,(56,'Kiryat Malachi',1389)
,(57,'Netivot',1389)
,(58,'Ofakim',1389)
,(59,'Rahat',1389)
,(60,'Sderot',1389)
,(61,'Bat Yam',1390)
,(62,'Bnei Berak',1390)
,(63,'Givatayim',1390)
,(64,'Herzliya',1390)
,(65,'Holon',1390)
,(66,'Kiryat Ono',1390)
,(67,'Or Yehuda',1390)
,(68,'Ramat Hasharon',1390)
,(69,'Ramat-Gan',1390)
,(70,'Tel Aviv',1390);